id,name,email,state,city,codenames,parties,position1,position2,legislatures,photo,url1,url2,url3,history,
1,Rosângela Barros Assed Matheus de Oliveira,,PR,,Rosinha Garotinho,PMDB,,,,,,,pt.wikipedia.org/wiki/Rosinha_Garotinho,http://ultima-instancia.jusbrasil.com.br/noticias/100078844/stj-reabre-processo-contra-rosinha-garotinho-por-improbidade,
2,Carlos Carmo Andrade Melles,,MG,,Carlos Melles,DEM,55,Câmara,,,,http://www.politicos.org.br/carlos-do-carmo-andrade-melles,pt.wikipedia.org/wiki/Carlos_Melles,,
3,Sérgio Cabral,,RJ,,Proximus,PMDB,53,Senado,,,http://veja.abril.com.br/infograficos/rede-escandalos/perfil/sergio-cabral.shtml?scrollto=conteudo-rede,http://noticias.r7.com/blogs/pense-nisso/sergio-cabral-pode-ser-o-proximo-a-ser-preso-20160630/,pt.wikipedia.org/wiki/Sérgio_Cabral,,
4,Silval da Cunha Barbosa,,,,Silval Barbosa,PP,,,,,,http://www.mtnoticias.net/mt-stj-nega-liminar-e-silval-barbosa-continua-preso-por-esquema-de-fraudes-de-r-26-milhoes/,pt.wikipedia.org/wiki/Silval_Barbosa,,
5,Clarissa Barros Assed Garotinho Matheus de Oliveira,,RJ,,Clarissa Garotinho,PR,55,DF,,,,http://www.politicos.org.br/clarissa-barros-assed-matheus-de-oliveira,pt.wikipedia.org/wiki/Clarissa_Garotinho,,
6,André Luiz de Carvalho Ribeiro,,MA,,André Fufuca,PP,55,Câmara,,,,"http://www.camara.leg.br/internet/deputado/Dep_Detalhe.asp?id=5830768
http://mapa.vemprarua.net/ma/deputado-andre-fufuca.html
https://www.votenaweb.com.br/politicos/andre.fufuca",https://pt.wikipedia.org/wiki/Andr%C3%A9_Fufuca,Aliado de Cunha,
7,José Wellington Roberto,,PB,,Wellington Roberto,PR,55,Câmara,,,http://veja.abril.com.br/infograficos/rede-escandalos/perfil/wellington-roberto.shtml?scrollto=conteudo-rede,"http://www.camara.leg.br/internet/deputado/dep_Detalhe.asp?id=5830395
http://mapa.vemprarua.net/pb/deputado-wellington-roberto.html",https://pt.wikipedia.org/wiki/Wellington_Roberto,Aliado de Cunha,
8,Laerte Rodrigues De Bessa,,DF,,Laerte Bessa,PR,55,Câmara,,,,"http://www.camara.leg.br/internet/deputado/dep_Detalhe.asp?id=5830785
http://mapa.vemprarua.net/df/deputado-laerte-bessa.html",,"Aliado de Cunha
http://www.atlaspolitico.com.br/perfil/2/141478",
9,Carlos Eduardo Xavier Marun,,MS,,Carlos Marun,PMDB,55,Câmara,,,,"http://www.camara.leg.br/Internet/deputado/Dep_Detalhe.asp?id=178900
http://www.politicos.org.br/carlos-eduardo-xavier-marun
http://mapa.vemprarua.net/ms/deputado-carlos-marun.html",https://pt.wikipedia.org/wiki/Carlos_Eduardo_Xavier_Marun,"Aliado de Cunha
http://www.atlaspolitico.com.br/perfil/2/178900",
10,Sérgio Ivan Moraes,,RS,,Sérgio Moraes,PTB,55,Câmara,,,,"http://www.atlaspolitico.com.br/perfil/2/170
https://www.votenaweb.com.br/politicos/sergio.moraes",https://pt.wikipedia.org/wiki/S%C3%A9rgio_Moraes_(pol%C3%ADtico),"Aliado de Cunha
http://www.politicos.org.br/sergio-ivan-moraes",
11,Washington Reis De Oliveira,,RJ,,Washington Reis,PMDB,55,Câmara,,,,"http://www.camara.leg.br/Internet/deputado/Dep_Detalhe.asp?id=5830491
http://mapa.vemprarua.net/rj/deputado-washington-reis.html",https://pt.wikipedia.org/wiki/Washington_Reis,"Aliado de Cunha
http://www.politicos.org.br/washington-reis-de-oliveira",
12,Adão Roberto Rodrigues Villaverde,,RS,,Adão Villaverde,PT,,,,,,http://www.politicos.org.br/adao-roberto-rodrigues-villaverde,https://pt.wikipedia.org/wiki/Adão_Villaverde,"Arquivo 5, p. 15",
13,Elias Gomes da Silva,,PE,,"Elias Gomes, JGR?",PSB,,Deputado Estadual,,,,,pt.wikipedia.org/wiki/Elias_Gomes,"Arquivo 5, p. 15",
14,Helen Cabral,,RS,,,PT,,,,,,,,"Arquivo 5, p. 15",
15,José Renato Casagrande,,ES,,Renato Casagrande,PSB,54,Senado,,,,http://www.politicos.org.br/jose-renato-casagrande,pt.wikipedia.org/wiki/Renato_Casagrande,"Arquivo 5, p. 15",
16,Maria do Rosário Nunes,,RS,,Maria Do Rosário,PT,55,Câmara,,,,http://www.politicos.org.br/maria-do-rosario-nunes,pt.wikipedia.org/wiki/Maria_do_Rosário_(política),"Arquivo 5, p. 15",
17,Raul Belens Jungmann Pinto,,PE,,Raul Jungmann,PPS,55,Ministro da defesa,,,,http://www.politicos.org.br/raul-belens-jungmann-pinto,pt.wikipedia.org/wiki/Raul_Jungmann,"Arquivo 5, p. 15",
18,Sergio Machado,,RJ,,,PMDB,,,,,,,pt.wikipedia.org/wiki/Sérgio_Machado_(político_e_empresário),"Arquivo 5, p. 15",
19,Vanessa Grazziotin,,AM,,,PC do B,55,Senado,,,,http://www.politicos.org.br/vanessa-grazziotin,pt.wikipedia.org/wiki/Vanessa_Grazziotin,"Arquivo 5, p. 15",
20,Antônio Duarte Nogueira Júnior,,SP,,Duarte Nogueira,PSDB,55,DF,,,,http://www.politicos.org.br/antonio-duarte-nogueira-junior,pt.wikipedia.org/wiki/Duarte_Nogueira,"Arquivo 5, p. 27 e arquivo 6, p. 1",
21,Bruno Cavalcanti de Araújo,,PE,,Bruno Araújo,PSDB,55,Ministro das cidades,,,,http://www.politicos.org.br/bruno-cavalcanti-de-araujo,pt.wikipedia.org/wiki/Bruno_Araújo,"Arquivo 5, p. 27 e arquivo 6, p. 1",
22,Candidato Palmas,,TO,,,,,,,,,,,"Arquivo 5, p. 27 e arquivo 6, p. 1",
23,Candidato Valadares,,MG,,,,,,,,,,,"Arquivo 5, p. 27 e arquivo 6, p. 1",
24,Demir,,MG,,,,,,,,,,,"Arquivo 5, p. 27 e arquivo 6, p. 1",
25,Guilherme Maluf,,,,CUI?,,,,,,,,,"Arquivo 5, p. 27 e arquivo 6, p. 1",
26,José Serra,,SP,,SÃO?,PSDB,51,Ministro das Relações Exteriores,,,,http://www.politicos.org.br/jose-serra,pt.wikipedia.org/wiki/José_Serra,"Arquivo 5, p. 27 e arquivo 6, p. 1",
27,Jutahy Magalhães Júnior,,BA,,Jutahy Magalhães,PSDB,55,DF,,,,http://www.politicos.org.br/jutahy-magalhaes-junior,pt.wikipedia.org/wiki/Jutahy_Júnior,"Arquivo 5, p. 27 e arquivo 6, p. 1",
28,Marcio Araújo de Lacerda,,BH,,Marcio Lacerda,PSB,,,,,,,pt.wikipedia.org/wiki/Marcio_Lacerda,"Arquivo 5, p. 27 e arquivo 6, p. 1",
29,Otavio Santos Silva Leite,,RJ,,Otavio Leite,PSDB,55,Câmara,,,,http://www.politicos.org.br/otavio-santos-silva-leite,pt.wikipedia.org/wiki/Otavio_Leite,"Arquivo 5, p. 27 e arquivo 6, p. 1",
30,Paulo Alexandre Barbosa,,,,Paulo Barbosa,,,,,,,,https://pt.wikipedia.org/wiki/Paulo_Alexandre_Barbosa,"Arquivo 5, p. 27 e arquivo 6, p. 1",
31,Reinaldo Azambuja,,MS,,CGR?,PSDB,54,Câmara,,,,,pt.wikipedia.org/wiki/Reinaldo_Azambuja,"Arquivo 5, p. 27 e arquivo 6, p. 1",
32,Rogério Marinho,,RN,,NAT?,PSDB,55,Câmara,,,,,http://www.camara.leg.br/internet/deputado/dep_Detalhe.asp?id=5830463,"Arquivo 5, p. 27 e arquivo 6, p. 1",
33,Rui Soares Palmeira,,AL,,Rui Palmeira,PSDB,54,Câmara,,,,http://www.politicos.org.br/rui-soares-palmeira,pt.wikipedia.org/wiki/Rui_Palmeira,"Arquivo 5, p. 27 e arquivo 6, p. 1",
34,Tarsila Rorato Crusius,,RS,,Tarcila Crussius,PSDB,,,,,,,"http://www.eleicoesbrasil.org/vereador/tarsila-crusius/porto-alegre-rs/210000017203
http://eleicoes.uol.com.br/2012/candidatos/2012/vereador/rs/22011972-tarsila-crusius.htm","Arquivo 5, p. 27 e arquivo 6, p. 1",
35,Wandert Dilorenzo,,RS,,,,,,,,,,,"Arquivo 5, p. 27 e arquivo 6, p. 1",
36,André Gustavo Pereira Corrêa Da Silva,,,,Andre Corream?,PMDB,,,,,,,https://pt.wikipedia.org/wiki/Andr%C3%A9_Corr%C3%AAa,"Arquivo 5, p. 4",
37,Francisco Oswaldo Neves Dornelles,,,,,PP,,,,,,http://www.politicos.org.br/francisco-oswaldo-neves-dornelles,pt.wikipedia.org/wiki/Francisco_Dornelles,"Arquivo 5, p. 4",
38,José Camilo Zito dos Santos,,,,Jose Zito,PP,,Deputado Estadual,,,,,https://pt.wikipedia.org/wiki/Jos%C3%A9_Camilo_Zito_dos_Santos_Filho,"Arquivo 5, p. 4",
39,Luiz Antonio Guaraná,,RJ,,Antonio Guarana,PMDB,,,,,,,,"Arquivo 5, p. 4",
40,Sérgio Sveiter,,,,,PSD,,,,,,,http://www.camara.leg.br/internet/Deputado/dep_Detalhe.asp?id=5830774,"Arquivo 5, p. 4",
41,Luiz Fernando De Souza,,,,Luiz Fernando Pezão,PMDB,,,,,,,pt.wikipedia.org/wiki/Luiz_Fernando_Pezão,"Arquivo 5, p. 4",
42,G. Alves,,,,,,,,,,,,,"Arquivo 6, p. 12",
43,Geraldo Julio de Mello Filho,,,,Geraldo Júlio,PSB,,,,,,,pt.wikipedia.org/wiki/Geraldo_Júlio,"Arquivo 6, p. 12",
44,J. Agripino,,,,,,,,,,,,,"Arquivo 6, p. 12",
45,Severino Branquinho,,,,,,,,,,,,,"Arquivo 6, p. 12",
46,Cleiber Santana,,,,,,,,,,,,,"Arquivo 6, p. 21",
47,Dudu Rosalva,,,,,,,,,,,,,"Arquivo 6, p. 21",
48,Paulo Abi-Ackel,,MG,,,PSDB,55,Câmara,,,,http://www.politicos.org.br/paulo-abi-ackel,pt.wikipedia.org/wiki/Paulo_Abi-Ackel,"Arquivo 6, p. 21",
49,Abelardo Leopoldo,,,,,,,,,,,,,"Arquivo 6, p. 23",
50,Cacau Gomes,,,,,,,,,,,,,"Arquivo 6, p. 23",
51,Cristiano Matheus da Silva e Sousa,,AL,,Cristiano Mateus,DEM,,Vereador,,,,http://www.politicos.org.br/cristiano-matheus-da-silva-e-sousa,pt.wikipedia.org/wiki/Cristiano_Mateus_da_Silva_e_Sousa,"Arquivo 6, p. 23",
52,Dinha,,,,,,,,,,,,,"Arquivo 6, p. 23",
53,Eduardo Paes,,RJ,,Nervosinho,PMDB,52,Prefeito,,,,,pt.wikipedia.org/wiki/Eduardo_Paes,"Arquivo 6, p. 23",
54,Gabriel Benedito Issaac Chalita,,SP,,Gabriel Chalita,PMDB,54,Câmara,,,,http://www.politicos.org.br/gabriel-benedito-issaac-chalita,pt.wikipedia.org/wiki/Gabriel_Chalita,"Arquivo 6, p. 23",
55,Jarbas Vasconcelos Filho,,,,Jarbas V Filho,,,,,,,,pt.wikipedia.org/wiki/Jarbas_Vasconcelos,"Arquivo 6, p. 23",
56,Jorge Felipe,,,,,PMDB,,,,,,,,"Arquivo 6, p. 23",
57,Jorge Picciani,,,,Grego,PMDB,,,,,,,pt.wikipedia.org/wiki/Jorge_Picciani,"Arquivo 6, p. 23",
58,José Sarney,,AP,,Escritor,PMDB,54,Senador,,,http://veja.abril.com.br/infograficos/rede-escandalos/perfil/jose-sarney.shtml?scrollto=conteudo-rede,http://www.politicos.org.br/jose-sarney,pt.wikipedia.org/wiki/José_Sarney,"Arquivo 6, p. 23",
59,Márcio Della Valle Biolchi,,,,Marcio Biolchi,,,,,,,http://www.politicos.org.br/marcio-della-valle-biolchi,pt.wikipedia.org/wiki/Márcio_Biolchi,"Arquivo 6, p. 23",
60,Erro:511,,RS,,Marco Alba,,,,,,,http://www.politicos.org.br/marco-aurelio-soares-alba,pt.wikipedia.org/wiki/Marco_Alba,"Arquivo 6, p. 23",
61,Mário Kertesz,,,,Mário Kertész,,,,,,,,pt.wikipedia.org/wiki/Mário_Kertész,"Arquivo 6, p. 23",
62,Mauro Poeta,,RS,,,,,,,,,,,"Arquivo 6, p. 23",
63,Mauro Zaquia,,RS,,,,,,,,,,,"Arquivo 6, p. 23",
64,Nilson Bonome,,,,,,,,,,,,,"Arquivo 6, p. 23",
65,Pablo Mendes Ribeiro,,RS,,,,,,,,,,,"Arquivo 6, p. 23",
66,Pedro Godinho,,,,,,,,,,,,,"Arquivo 6, p. 23",
67,Sérgio Paulo Perrucci De Aquino,,,,Sergio Aquino,,,,,,,,http://eleicoes.uol.com.br/2012/candidatos/2012/prefeito/sp/09051953-aquino.htm,"Arquivo 6, p. 23",
68,Ademar Delgado,,,,,,,,,,,,,"Arquivo 6, p. 8",
69,Antonio Donato,,,,Antonio Donato,,,,,,http://veja.abril.com.br/infograficos/rede-escandalos/perfil/antonio-donato.shtml?scrollto=conteudo-rede,,pt.wikipedia.org/wiki/Antonio_Donato,"Arquivo 6, p. 8",
70,Carlos Martins,,PA,,,PT,54,Câmara,,,,,pt.wikipedia.org/wiki/Carlos_Martins,"Arquivo 6, p. 8",
71,Carlos Todeschini,,RS,,,,,,,,,,,"Arquivo 6, p. 8",
72,Carmem Gandarella,,,,,,,,,,,,,"Arquivo 6, p. 8",
73,Donizete Braga,,,,,,,,,,,,,"Arquivo 6, p. 8",
74,Fernando Haddad,,,,Fernando Haddad,,,,,,,,pt.wikipedia.org/wiki/Fernando_Haddad,"Arquivo 6, p. 8",
75,Fernando Stephan Marroni,,RS,,Fernando Marroni,PT,55,Câmara,,,,,pt.wikipedia.org/wiki/Fernando_Marroni,"Arquivo 6, p. 8",
76,Francisco Chagas,,SP,,,PT,54,Câmara,,,,,,"Arquivo 6, p. 8",
77,Francisco Daniel Celeguin De Moraes,,,,Kiko Celeguim,,,,,,,,pt.wikipedia.org/wiki/Kiko_Celeguim,"Arquivo 6, p. 8",
78,Francisco Waldir Pires de Souza,,BA,,Waldir Pires,PT,51,Câmara,,,,,pt.wikipedia.org/wiki/Waldir_Pires,"Arquivo 6, p. 8",
79,Gilmar Rinaldi,,RS,,,,,,,,,,"http://www.eleicoesbrasil.org/prefeito/gilmar-rinaldi/esteio-rs/210000013710
http://www.eleicoes2012.info/gilmar-rinaldi-13/","Arquivo 6, p. 8",
80,Humberto Carballal,,,,,,,,,,,,,"Arquivo 6, p. 8",
81,Jacques Pena,,,,BSB?,,,,,,,,,"Arquivo 6, p. 8",
82,Jairo Jorge da Silva,,RS,,Jairo Jorge da Silva,,,,,,,,pt.wikipedia.org/wiki/Jairo_Jorge_da_Silva,"Arquivo 6, p. 8",
83,Jeferson Andrade,,,,,,,,,,,,,"Arquivo 6, p. 8",
84,João Paulo Rillo,,,,João Paulo Rillo,,,,,,,http://www.politicos.org.br/joao-paulo-rillo,pt.wikipedia.org/wiki/João_Paulo_Rillo,"Arquivo 6, p. 8",
85,Jorge Miguel Samek,,,,Jorge Samek,,,,,,,,pt.wikipedia.org/wiki/Jorge_Miguel_Samek,"Arquivo 6, p. 8",
86,Jussara Márcia,,,,,,,,,,,,,"Arquivo 6, p. 8",
87,Luis Tavares,,,,,,,,,,,,,"Arquivo 6, p. 8",
88,Luiz Marinho,,,,Luiz Marinho,,,,,,,,pt.wikipedia.org/wiki/Luiz_Marinho,"Arquivo 6, p. 8",
89,Erro:511,,PR,,Marcia Lopes,PT,,,,,,,pt.wikipedia.org/wiki/Márcia_Lopes,"Arquivo 6, p. 8",
90,Marco Aurelio Spall Maia,,RS,,Marco Maia,PT,55,Câmara,,,,http://www.politicos.org.br/marco-aurelio-spall-maia,pt.wikipedia.org/wiki/Marco_Maia,"Arquivo 6, p. 8",
91,Marcos Daneluz,,RS,,MM?,,,,,,,,,"Arquivo 6, p. 8",
92,Maria Do Carmo Lara,,MG,,,PT,53,Câmara,,,,,,"Arquivo 6, p. 8",
93,Nelson Vicente Portela Pelegrino,,,,Nelson Pelegrino,,,,,,,,pt.wikipedia.org/wiki/Nelson_Pelegrino,"Arquivo 6, p. 8",
94,Patrus Ananias,,MG,,,PT,55,Câmara,,,,http://www.politicos.org.br/patrus-ananias,pt.wikipedia.org/wiki/Patrus_Ananias,"Arquivo 6, p. 8",
95,Paulo Garcia,,,,,,,,,,,,,"Arquivo 6, p. 8",
96,Pedro Eugênio de Castro Toledo Cabral,,PE,,Pedro Eugênio,PT,54,Câmara,,,,,pt.wikipedia.org/wiki/Pedro_Eugênio,"Arquivo 6, p. 8",
97,Rodrigo Neves,,,,,PT,,,,,,,pt.wikipedia.org/wiki/Rodrigo_Neves,"Arquivo 6, p. 8",
98,Ronaldo Miro Zülke,,,,Ronaldo Zülke,,,,,,,http://www.politicos.org.br/ronaldo-miro-zulke,,"Arquivo 6, p. 8",
99,Sebastião Almeida,,SP,,,PT,,,,,,,pt.wikipedia.org/wiki/Sebastião_Almeida,"Arquivo 6, p. 8",
100,Tarcisio João Zimmermann,,RS,,Tarcisio Zimmermann,,,,,,,http://www.politicos.org.br/tarcisio-joao-zimmermann,pt.wikipedia.org/wiki/Tarcisio_Zimmermann,"Arquivo 6, p. 8",
101,José Wellington Barroso de Araújo Dias,,,,"Wellington Dias, PI?",PT,,,,,,http://www.politicos.org.br/jose-wellington-barroso-de-araujo-dias,pt.wikipedia.org/wiki/Wellington_Dias,"Arquivo 6, p. 8",
102,Vânia Galvão,,,,,,,,,,,,,"Arquivo 6, p. 8",
103,Antônio Carlos Magalhães Neto,,,,Acm Neto,,,,,,,,pt.wikipedia.org/wiki/Antônio_Carlos_Magalhães_Neto,"Arquivo 7, p. 2",
104,Jefferson Morais,,,,,,,,,,,,,"Arquivo 7, p. 2",
105,João Alves Filho,,SE,,João Alves,DEM,49,Ministro,,,http://veja.abril.com.br/infograficos/rede-escandalos/perfil/joao-alves.shtml?scrollto=conteudo-rede,,pt.wikipedia.org/wiki/João_Alves_Filho,"Arquivo 7, p. 2",
106,José Carlos Aleluia Costa,,,,Jose Carlos Aleluia,,,,,,,http://www.politicos.org.br/jose-carlos-aleluia-costa,pt.wikipedia.org/wiki/José_Carlos_Aleluia,"Arquivo 7, p. 2",
107,Leonardo Prates,,,,,,,,,,,,,"Arquivo 7, p. 2",
108,Milton Leite,,,,,,,,,,,,"http://www.camara.sp.gov.br/vereador/milton-leite/
http://eleicoes.uol.com.br/2012/candidatos/2012/vereador/sp/27011956-milton-leite.htm?placar-id=3550308","Arquivo 7, p. 2",
109,Rodney Miranda,,,,,,,,,,,,pt.wikipedia.org/wiki/Rodney_Miranda,"Arquivo 7, p. 2",
110,Agnaldo,,,,,,,,,,,,,"Arquivo 7, p. 4",
111,Alberto Pereira Castro,,,,Alberto Castro,,,,,,,,http://www.eleicoes2014.com.br/alberto-castro/,"Arquivo 7, p. 4",
112,Ana Amélia Lemos,,RS,,Ana Amélia Lemos,,,,,,,,pt.wikipedia.org/wiki/Ana_Amélia_Lemos,"Arquivo 7, p. 4",
113,Beto Mansur,,SP,,,PRB,55,Câmara,,,,,pt.wikipedia.org/wiki/Beto_Mansur,"Arquivo 7, p. 4",
114,Diogo Paz Bier,,,,Mano Changes,,,,,,,http://www.politicos.org.br/diogo-paz-bier,pt.wikipedia.org/wiki/Mano_Changes,"Arquivo 7, p. 4",
115,Fischinha,,,,,,,,,,,,,"Arquivo 7, p. 4",
116,Frederico Cantori Antunes,,RS,,Frederico Antunes,,,,,,,http://www.politicos.org.br/frederico-cantori-antunes,pt.wikipedia.org/wiki/Frederico_Antunes,"Arquivo 7, p. 4",
117,Joao Carlos Nedel,,RS,,João Carlos Nedel,,,,,,,,,"Arquivo 7, p. 4",
118,Kevin Krieger,,RS,,,,,,,,,,,"Arquivo 7, p. 4",
119,Otomar Vivian,,RS,,,,,,,,,,,"Arquivo 7, p. 4",
120,Paulinho Fiorella,,,,,,,,,,,,,"Arquivo 7, p. 4",
121,Beto Albuquerque,,RS,,,PSB,54,Câmara,,,,,pt.wikipedia.org/wiki/Beto_Albuquerque,"Arquivo 7, p. 6",
122,Heitor Schulk,,,,,,,,,,,,,"Arquivo 7, p. 6",
123,Jonas Donizette,,SP,,,PSB,54,Câmara,,,,,pt.wikipedia.org/wiki/Jonas_Donizette,"Arquivo 7, p. 6",
124,José Pavan Junior,,,,José Pavan Júnior,,,,,,,,pt.wikipedia.org/wiki/José_Pavan_Júnior,"Arquivo 7, p. 6",
125,Luciano Ducci,,PR,,,PSB,55,Câmara,,,,http://www.politicos.org.br/luciano-ducci,pt.wikipedia.org/wiki/Luciano_Ducci,"Arquivo 7, p. 6",
126,Aidan Antônio Ravin,,,,Aidan Ravin,,,,,,,,pt.wikipedia.org/wiki/Aidan_Ravin,"Arquivo 7, p. 8",
127,Antónia Magalhães da Cruz,,BA,,Tonha Magalhães,PR,53,Câmara,,,,http://www.politicos.org.br/antonia-magalhaes-da-cruz,pt.wikipedia.org/wiki/Tonha_Magalhães,"Arquivo 7, p. 8",
128,Atila Jacomussi,,,,,,,,,,,,,"Arquivo 7, p. 8",
129,César Souza Junior,,,,César Souza Júnior,,,,,,,http://www.politicos.org.br/cesar-souza-junior,pt.wikipedia.org/wiki/César_Souza_Júnior,"Arquivo 7, p. 8",
130,Chiquinho Do Zaira,,,,,,,,,,,,,"Arquivo 7, p. 8",
131,Diversos Vereadores,,,,,,,,,,,,,"Arquivo 7, p. 8",
132,Geraldo Junior,,,,,,,,,,,,,"Arquivo 7, p. 8",
133,Gilmar Sossella,,RS,,Gilmar Sossela,,,,,,,http://www.politicos.org.br/gilmar-sossella,pt.wikipedia.org/wiki/Gilmar_Sossella,"Arquivo 7, p. 8",
134,Gustavo Bonato Fruet,,PR,,Gustavo Fruet,PDT,53,Câmara,,,,http://www.politicos.org.br/gustavo-bonato-fruet,pt.wikipedia.org/wiki/Gustavo_Fruet,"Arquivo 7, p. 8",
135,Joao Bosco Vaz,,RS,,João Bosco Vaz,,,,,,,,,"Arquivo 7, p. 8",
136,José Alberto Reus Fortunati,,RS,,José Fortunati,PDT,52,Câmara,,,,,pt.wikipedia.org/wiki/José_Fortunati,"Arquivo 7, p. 8",
137,Jussara Cony,,RS,,,,,,,,,,pt.wikipedia.org/wiki/Jussara_Cony,"Arquivo 7, p. 8",
138,Leonice Da Paz,,,,,,,,,,,,,"Arquivo 7, p. 8",
139,Manuela Pinto Vieira d'Ávila,,RS,,Manuela D'Ávila,PCdoB,54,Câmara,,,,,pt.wikipedia.org/wiki/Manuela_d'Ávila,"Arquivo 7, p. 8",
140,Marcelo Esvim,,,,,,,,,,,,,"Arquivo 7, p. 8",
141,Marquinhos Bola,,,,,,,,,,,,,"Arquivo 7, p. 8",
142,Maurício Bacelar,,,,,,,,,,,,,"Arquivo 7, p. 8",
143,Paulo Azeredo,,RS,,,,,,,,,,pt.wikipedia.org/wiki/Paulo_Azeredo,"Arquivo 7, p. 8",
144,Pedro Serafin,,,,,,,,,,,,,"Arquivo 7, p. 8",
145,Ratinho Junior,,PR,,Ratinho Júnior,PSC,54,Câmara,,,,,pt.wikipedia.org/wiki/Ratinho_Júnior,"Arquivo 7, p. 8",
146,Toni Proença,,RS,,,,,,,,,,,"Arquivo 7, p. 8",
147,Paulo Pereira da Silva,,SP,,Paulinho Da Força,SD,55,Presidente da Força Sindical e fundador do partido Solidariedade,,,http://veja.abril.com.br/infograficos/rede-escandalos/perfil/paulinho-da-forca.shtml?scrollto=conteudo-rede,http://www.politicos.org.br/paulo-pereira-da-silva,pt.wikipedia.org/wiki/Paulo_Pereira_da_Silva,"Arquivo 7, p. 8
Arquivo 9, p. 20",
148,Firmino Filho,,,,TER?,,,,,,,,pt.wikipedia.org/wiki/Firmino_Filho,"Arquivo 8, p. 4",
149,Nelson Marchezan Junior,,RS,,Nelson Marchezan Júnior,PSDB,55,Câmara,,,,http://www.politicos.org.br/nelson-marchezan-junior,pt.wikipedia.org/wiki/Nelson_Marchezan_Júnior,"Arquivo 8, p. 4",
150,Osmar Gasparini Terra,,RS,,Osmar Terra,PMDB,55,Ministro do desenvolvimento social e agrário,,,,http://www.politicos.org.br/osmar-gasparini-terra,pt.wikipedia.org/wiki/Osmar_Terra,"Arquivo 8, p. 4",
151,Roberto Freire,,SP,,,PPS,55,Câmara,,,,,pt.wikipedia.org/wiki/Roberto_Freire_(político),"Arquivo 8, p. 4",
152,Sonia Francine Gaspar Marmo,,,,Soninha Francine,,,,,,,http://www.politicos.org.br/sonia-francine-gaspar-marmo,pt.wikipedia.org/wiki/Soninha_Francine,"Arquivo 8, p. 4",
153,Cristina Carrara,,,,,,,,,,,,,"Arquivo 9, p. 12",
154,Isaac,,,,,,,,,,,,,"Arquivo 9, p. 12",
155,Jaison Cardoso,,,,,,,,,,,,,"Arquivo 9, p. 12",
156,Oswaldo Baptista Duarte Filho,,,,Oswaldo Barba,,,,,,,,pt.wikipedia.org/wiki/Oswaldo_Baptista_Duarte_Filho,"Arquivo 9, p. 12",
157,Raimundo Colombo,,SC,,Nacional?,PSD,54,Senado,,,,,pt.wikipedia.org/wiki/Raimundo_Colombo,"Arquivo 9, p. 12",
158,Randolfo Pacciardi,,,,Randolfo,PSOL,,,,,,,pt.wikipedia.org/wiki/Randolfo_Pacciardi,"Arquivo 9, p. 12",
159,Roberto Carlos De Sousa,,,,,,,,,,,,,"Arquivo 9, p. 12",
160,Agnelo dos Santos Queiroz Filho,,DF,,Agnelo Queiroz,PCdoB,52,Deputado Federal,,,http://veja.abril.com.br/infograficos/rede-escandalos/perfil/agnelo-queiroz.shtml?scrollto=conteudo-rede,,pt.wikipedia.org/wiki/Agnelo_Queiroz,"Arquivo 9, p. 16",
161,Geraldo José Rodrigues Alckmin Filho,,,,Geraldo Alckmin,,,,,,,,pt.wikipedia.org/wiki/Geraldo_Alckmin,"Arquivo 9, p. 16",
162,Jaques Wagner,,BA,,,PT,51,Câmara,,,,,pt.wikipedia.org/wiki/Jaques_Wagner,"Arquivo 9, p. 16",
163,Jorge Ricardo Bittar,,RJ,,Jorge Bittar,PT,54,Câmara,,,,http://www.politicos.org.br/jorge-ricardo-bittar,pt.wikipedia.org/wiki/Jorge_Bittar,"Arquivo 9, p. 16",
164,Luiz Sérgio Nóbrega de Oliveira,,,,Luis Sérgio,,,,,,,http://www.politicos.org.br/luiz-sergio-nobrega-de-oliveira,pt.wikipedia.org/wiki/Luiz_Sérgio_Nóbrega_de_Oliveira,"Arquivo 9, p. 16",
165,Marconi Ferreira Perillo Júnior,,GO,,Marconi Perillo,PSDB,54,Governador,,,http://veja.abril.com.br/infograficos/rede-escandalos/perfil/marconi-perillo.shtml?scrollto=conteudo-rede,http://www.politicos.org.br/marconi-ferreira-perillo-junior,pt.wikipedia.org/wiki/Marconi_Perillo,"Arquivo 9, p. 16",
166,Mazinho,,,,,,,,,,,,,"Arquivo 9, p. 16",
167,Anthony William Matheus de Oliveira,,RJ,,Anthony Garotinho,PR,54,Câmara,,,http://veja.abril.com.br/infograficos/rede-escandalos/perfil/anthony-garotinho.shtml?scrollto=conteudo-rede,,pt.wikipedia.org/wiki/Anthony_Garotinho,"Arquivo 9, p. 16",
168,Antônio Lomanto Júnior,,,,Lomanto Junior,,,,,,,,pt.wikipedia.org/wiki/Lomanto_Júnior,"Arquivo 9, p. 18",
169,Bruno Cavalcanti,,,,,,,,,,,,,"Arquivo 9, p. 18",
170,Champagne,,,,,,,,,,,,,"Arquivo 9, p. 18",
171,Despota,,,,,,,,,,,,,"Arquivo 9, p. 18",
172,Eduardo Henrique Accioly Campos,,PE,,Eduardo Campos,PSB,52,Câmara,,,http://veja.abril.com.br/infograficos/rede-escandalos/perfil/eduardo-campos.shtml?scrollto=conteudo-rede,,pt.wikipedia.org/wiki/Eduardo_Campos,"Arquivo 9, p. 18",
173,Heráclito de Sousa Fortes,,,,Heraclito Fortes,,,,,,,http://www.politicos.org.br/heraclito-de-sousa-fortes,pt.wikipedia.org/wiki/Heráclito_Fortes,"Arquivo 9, p. 18",
174,Marcelo Sereno,,,,,PT,,,,,http://veja.abril.com.br/infograficos/rede-escandalos/perfil/marcelo-sereno.shtml?scrollto=conteudo-rede,,,"Arquivo 9, p. 18",
175,Moreira Franco,,RJ,,Gato angorá,PMDB,52,"Secretário-executivo do programa de parcerias de investimento,",,,,http://www.politicos.org.br/moreira-franco,https://pt.wikipedia.org/wiki/Moreira_Franco,"Arquivo 9, p. 18",
176,Neto Richa,,,,,,,,,,,,,"Arquivo 9, p. 18",
177,Paulo César de Melo Sá,,,,Paulo Melo,PMDB,,,,,,,pt.wikipedia.org/wiki/Paulo_Melo,"Arquivo 9, p. 18",
178,Paulo Ganem Souto,,BA,,Paulo Souto,PFL,52,Senado,,,,,pt.wikipedia.org/wiki/Paulo_Souto,"Arquivo 9, p. 18",
179,Silas Brasileiro,,MG,,,PMDB,55,Câmara,,,,http://www.politicos.org.br/silas-brasileiro,,"Arquivo 9, p. 18",
180,Arthur de Oliveira Maia da Silva,,BA?,,Arthur Maia,,,Deputado Federal,,,,,,"Arquivo 9, p. 20",
181,José Aldo Rebelo Figueiredo,,SP,,Aldo Rebelo,PCdoB,54,Câmara,,,,http://www.politicos.org.br/jose-aldo-rebelo-figueiredo,pt.wikipedia.org/wiki/Aldo_Rebelo,"Arquivo 9, p. 20",
182,Luiz Henrique Madndetta,,,,Luiz Henrique Mandetta,,,,,,,,pt.wikipedia.org/wiki/Luiz_Henrique_Mandetta,"Arquivo 9, p. 20",
183,Orlando Tolentino,,,,,,,,,,,,,"Arquivo 9, p. 20",
184,Paulo Teixeira,,SP,,,PT,55,Câmara,,,,,pt.wikipedia.org/wiki/Paulo_Teixeira_(político),"Arquivo 9, p. 20",
185,Rita Camata,,ES,,,PSDB,53,Câmara,,,,,pt.wikipedia.org/wiki/Rita_Camata,"Arquivo 9, p. 20",
186,Tarso Fernando Herz Genro,,RS,,Tarso Genro,PT,48,Câmara,,,,,pt.wikipedia.org/wiki/Tarso_Genro,"Arquivo 9, p. 20",
187,Waldomiro Diniz,,,,,,,,,,http://veja.abril.com.br/infograficos/rede-escandalos/perfil/waldomiro-diniz.shtml?scrollto=conteudo-rede,,pt.wikipedia.org/wiki/Waldomiro_Diniz,Conluio com Carlos Ramos (Carlinhos Cachoeira) para arrecadar fundos para a campanha eleitoral do Partido dos Trabalhadores (PT) e do Partido Socialista Brasileiro (PSB) no Rio de Janeiro,
188,Wanderval Santos,,SP,,,PL,52,Câmara,,,http://veja.abril.com.br/infograficos/rede-escandalos/perfil/wanderval-santos.shtml?scrollto=conteudo-rede,,,Corrupção Passiva,
189,Sandro Antonio Scodro,,GO,,Sandro Mabel,PMDB,54,Câmara,,,,http://www.politicos.org.br/sandro-antonio-scodro,pt.wikipedia.org/wiki/Sandro_Mabel,Crime Contra a Ordem Tributária,
190,José Benito Priante Júnior,,PA,,José Priante,PMDB,55,Câmara,,,http://veja.abril.com.br/infograficos/rede-escandalos/perfil/jose-priante.shtml?scrollto=conteudo-rede,http://www.politicos.org.br/jose-benito-priante-junior,pt.wikipedia.org/wiki/José_Priante,"Crime Contra o Sistema Financeiro
Arquivo 9, p. 12",
191,José Gerardo Corrêa de Arruda,,CE,,Zé Gerardo,PMDB,53,Câmara,,,,,,Crime de Responsabilidade,http://stf.jusbrasil.com.br/noticias/2186760/sete-votos-condenam-deputado-federal-jose-gerardo-pmdb-ce-no-plenario-do-supremo-consolidada
192,Ronaldo Dimas,,TO,,Ronaldo Dimas,PSDB,52,Câmara,,,,,pt.wikipedia.org/wiki/Ronaldo_Dimas,Crime Eleitoral,
193,Simone Reis Lobo De Vasconcelos,,,,,,,,,,,,,"Distribuir o dinheiro do ""valerioduto"", dar instruções ao Banco Rural, sacar cheques na boca do caixa e fazer pagamentos pessoalmente.",
194,Severino Cavalcanti,,PE,,,PP,52,Câmara,,,,http://www.politicos.org.br/severino-cavalcanti,pt.wikipedia.org/wiki/Severino_Cavalcanti,Escândalo do Mensalinho (Renunciou   para evitar a cassação),
195,Silas Câmara,,AM,,Silas Câmara,PSD,55,Câmara,,,,http://www.politicos.org.br/silas-camara,pt.wikipedia.org/wiki/Silas_Câmara,FIQUE DE OLHO,
196,Armando De Queiroz Monteiro Neto,,PE,,Armando Monteiro,PTB,55,Ministro,,,,http://www.politicos.org.br/armando-de-queiroz-monteiro-neto,pt.wikipedia.org/wiki/Armando_Monteiro,"FIQUE DE OLHO
Arquivo 5, p. 15",
197,Rodolpho Tourinho Neto,,,,Rodolfo Tourinho,,,,,,,,pt.wikipedia.org/wiki/Rodolpho_Tourinho_Neto,Gestão Fraudulenta de Instituição   Financeira,
198,Rodrigo Maia,,RJ,,,DEM,55,Presidente da câmara dos deputados,,,,,pt.wikipedia.org/wiki/Rodrigo_Maia,http://brasil.elpais.com/brasil/2016/07/14/politica/1468448872_936595.html#?ref=rss&amp,link=guid
199,Carlos Henrique Sobral,,,,,PMDB,,Chefe de gabinete da casa civil,,,,,,http://g1.globo.com/politica/noticia/2016/05/assessor-de-cunha-e-nomeado-chefe-de-gabinete-de-geddel-no-planalto.html,
200,Nilton Costa,,AL,,???,PSB,55,Confederacao brasileira de futebol,,,http://veja.abril.com.br/infograficos/rede-escandalos/perfil/oas.shtml?scrollto=conteudo-rede,,https://www.google.com.br/url?sa=t&rct=j&q=&esrc=s&source=web&cd=2&cad=rja&uact=8&ved=0ahUKEwj8wc3SibrNAhWBG5AKHeU4CKEQFggkMAE&url=https%3A%2F%2Fwww.facebook.com%2Fpublic%2FNilton-Costa%3Fpage%3D2&usg=AFQjCNGnphvmVuk5Bpv7KuZMoS339YEOng&sig2=miILvflYYY55_aZYaoiRag,"http://www.cartacapital.com.br/sociedade/pf-investiga-contratos-da-globo-com-a-cbf-diz-site-4072.html
Arquivo 6, p. 23",
201,Vanessa Damo,,SP,,,PMDB,,DE,,,,,pt.wikipedia.org/wiki/Vanessa_Damo,"http://www.redebrasilatual.com.br/politica/2016/07/apos-ser-cassada-vanessa-damo-e-nomeada-superintendente-do-ibama-4543.html
Arquivo 6, p. 23",
202,Erro:511,,RJ,,Lindbergh Farias,PT,55,Senador,,http://infograficos-estaticos.s3.amazonaws.com/lista-final-lava-jato/assets/images/fotos/pb/lindberg-farias.png,,http://www.politicos.org.br/luiz-lindbergh-farias-filho,pt.wikipedia.org/wiki/Lindberg_Farias,"improbidade administrativa
Arquivo 5, p. 4",
203,Romero Jucá,,RR,,Cacique,PMDB,55,Ministro do planejamento,,http://infograficos-estaticos.s3.amazonaws.com/lista-final-lava-jato/assets/images/fotos/pb/romero-juca.png,,,pt.wikipedia.org/wiki/Romero_Jucá,"Improbidade Administrativa
http://altamiroborges.blogspot.com.br/2016/07/juca-segue-mandando-no-covil-de-temer.html
Arquivo 6, p. 23",
204,Jader Fontenelle Barbalho,,PA,,Jader Barbalho,PMDB,55,Senador,,,http://veja.abril.com.br/infograficos/rede-escandalos/perfil/jader-barbalho.shtml?scrollto=conteudo-rede,http://www.politicos.org.br/jader-fontenelle-barbalho,pt.wikipedia.org/wiki/Jader_Barbalho,"Improbidade Administrativa,   Peculato, Crime Contra o Sistema Financeiro e Lavagem de Dinheiro
Arquivo 9, p. 20",
205,Roseana Sarney,,MA,,,PMDB,53,Governador,,http://infograficos-estaticos.s3.amazonaws.com/lista-final-lava-jato/assets/images/fotos/pb/roseana-sarney.png,http://veja.abril.com.br/infograficos/rede-escandalos/perfil/roseana-sarney.shtml?scrollto=conteudo-rede,,pt.wikipedia.org/wiki/Roseana_Sarney,"Investigada por corrupção passiva e lavagem de dinheiro. O delator Paulo Roberto Costa afirma que passou, em 2010, R$ 2 milhões em espécie para sua campanha.
Arquivo 9, p. 16",
206,Vander Luiz dos Santos Loubet,,,,,PT,,Deputado Federal,,http://infograficos-estaticos.s3.amazonaws.com/lista-final-lava-jato/assets/images/fotos/pb/vander-loubet.png,,http://www.politicos.org.br/vander-luiz-dos-santos-loubet,pt.wikipedia.org/wiki/Vander_Loubet,"Investigado por corrupção passiva e lavagem de dinheiro. Com influência na BR Distribuidora, teria recebido recursos através de Pedro Paulo Leoni Ramos.
Arquivo 9, p. 20",
207,Eduardo Cosentino da Cunha,,,,"Eduardo Cunha, Carangueijo",PMDB,,Deputado Federal,,http://infograficos-estaticos.s3.amazonaws.com/lista-final-lava-jato/assets/images/fotos/pb/eduardo-cunha1.png,http://veja.abril.com.br/infograficos/rede-escandalos/perfil/eduardo-cunha.shtml?scrollto=conteudo-rede,http://www.politicos.org.br/eduardo-cosentino-da-cunha,pt.wikipedia.org/wiki/Eduardo_Cunha,"Investigado por corrupção passiva e lavagem de dinheiro. É suspeito de receber propina da Samsung e de empreiteiras. É associado ao recebimento de R$ 25 milhões.
http://www.atlaspolitico.com.br/perfil/2/487
Arquivo 9, p. 6",
208,Humberto Costa,,PE,,,PT,55,Senador,,http://infograficos-estaticos.s3.amazonaws.com/lista-final-lava-jato/assets/images/fotos/pb/humberto-costa.png,http://veja.abril.com.br/infograficos/rede-escandalos/perfil/humberto-costa.shtml?scrollto=conteudo-rede,,pt.wikipedia.org/wiki/Humberto_Costa,"Investigado por corrupção passiva e lavagem de dinheiro. O delator Paulo Roberto Costa relatou que, em 2010, o senador enviou um amigo para pedir R$ 1 milhão para sua campanha.
Arquivo 6, p. 8",
209,Roberto Pereira de Britto,,BA,,Roberto Britto,PP,55,Deputado Federal,,http://infograficos-estaticos.s3.amazonaws.com/lista-final-lava-jato/assets/images/fotos/pb/roberto-britto.png,,http://www.politicos.org.br/roberto-pereira-de-britto,pt.wikipedia.org/wiki/Roberto_Britto,"Investigado por corrupção passiva, lavagem de dinheiro, formação de quadrilha. Incluído na lista de políticos do PP que recebia propina.",
210,Roberto Sergio Ribeiro Coutinho Teixeira,,PE,,Roberto Teixeira,PP,55,Deputado Federal,,http://infograficos-estaticos.s3.amazonaws.com/lista-final-lava-jato/assets/images/fotos/pb/roberto-teixeira.png,,http://www.politicos.org.br/roberto-sergio-ribeiro-coutinho-teixeira,,"Investigado por corrupção passiva, lavagem de dinheiro, formação de quadrilha. Incluído na lista de políticos do PP que recebia propina.",
211,Simão Sessim,,RJ,,,PP,55,Deputado Federal,,http://infograficos-estaticos.s3.amazonaws.com/lista-final-lava-jato/assets/images/fotos/pb/simao-sessim.png,,http://www.politicos.org.br/simao-sessim,pt.wikipedia.org/wiki/Simão_Sessim,"Investigado por corrupção passiva, lavagem de dinheiro, formação de quadrilha. Incluído na lista de políticos do PP que recebia propina.",
212,Vilson Luís Covatti,,RS,,Vilson Covatti,PP,54,Deputado Federal,,http://infograficos-estaticos.s3.amazonaws.com/lista-final-lava-jato/assets/images/fotos/pb/vilson_covatti.png,,,pt.wikipedia.org/wiki/Vilson_Luís_Covatti,"Investigado por corrupção passiva, lavagem de dinheiro, formação de quadrilha. Incluído na lista de políticos do PP que recebia propina.",
213,Waldir Maranhão,,MA,,,PP,55,Deputado Federal,,http://infograficos-estaticos.s3.amazonaws.com/lista-final-lava-jato/assets/images/fotos/pb/waldir-maranhao.png,,,pt.wikipedia.org/wiki/Waldir_Maranhão,"Investigado por corrupção passiva, lavagem de dinheiro, formação de quadrilha. Incluído na lista de políticos do PP que recebia propina.",
214,José Afonso Ebert Hamm,,RS,,Afonso Hamm,PP,55,Deputado Federal,,http://infograficos-estaticos.s3.amazonaws.com/lista-final-lava-jato/assets/images/fotos/pb/jose-afonso-hamm.png,,,pt.wikipedia.org/wiki/José_Affonso_Ebert_Hamm,"Investigado por corrupção passiva, lavagem de dinheiro, formação de quadrilha. Incluído na lista de políticos do PP que recebia propina.
Arquivo 7, p. 4",
215,Luiz Fernando Ramos Faria,,MG,,Luiz Fernando Faria,PP,55,Deputado Federal,,http://infograficos-estaticos.s3.amazonaws.com/lista-final-lava-jato/assets/images/fotos/pb/luiz-fernando-faria.png,,http://www.politicos.org.br/luiz-fernando-ramos-faria,pt.wikipedia.org/wiki/Luiz_Fernando_Faria,"Investigado por corrupção passiva, lavagem de dinheiro, formação de quadrilha. Incluído na lista de políticos do PP que recebia propina.
Arquivo 7, p. 4",
216,Aécio Neves Da Cunha,,,,"Aécio Neves, Candidato Neves",PSDB,,Senador,,http://infograficos-estaticos.s3.amazonaws.com/lista-final-lava-jato/assets/images/fotos/pb/aecio.png,,http://www.politicos.org.br/aecio-neves-da-cunha,pt.wikipedia.org/wiki/Aécio_Neves,"Lava a jato, furnas, arquivado.
""Arquivo 9, p. 18
Arquivo 5, p. 27 e arquivo 6, p. 1""",
217,Demóstenes Lázaro Xavier Torres,,GO,,Demóstenes Torres,S/Partido,54,Senado,,,http://veja.abril.com.br/infograficos/rede-escandalos/perfil/demostenes-torres.shtml?scrollto=conteudo-rede,http://www.politicos.org.br/demostenes-lazaro-xavier-torres,pt.wikipedia.org/wiki/Demóstenes_Torres,"Ligações com ""Carlinhos   Cachoeira"" (envolvimento com o jogo do bicho)
Arquivo 9, p. 16",
218,Roberto Jefferson Monteiro Francisco,,RJ,,Roberto Jefferson,PTB,52,Câmara,,,http://veja.abril.com.br/infograficos/rede-escandalos/perfil/roberto-jefferson.shtml?scrollto=conteudo-rede,,pt.wikipedia.org/wiki/Roberto_Jefferson,"Mensalão. Receber R$ 4,5 milhões do ""valerioduto"" para votar a favor do governo no Congresso, depois de fechar um acordo em que o PT prometeu entregar R$ 20 milhões para o PTB.",
219,Vinícius Samarane,,,,,,,,,,http://veja.abril.com.br/infograficos/rede-escandalos/perfil/vinicius-samarane.shtml?scrollto=conteudo-rede,,,"Não comunicar às autoridades sobre os saques do ""valerioduto"" e as irregularidades nos empréstimos.",
220,Rogério Lanza Tolentino,,,,,,,,,,http://veja.abril.com.br/infograficos/rede-escandalos/perfil/rogerio-lanza-tolentino.shtml?scrollto=conteudo-rede,,,Participar da negociação dos empréstimos e ajudar a montar o esquema de distribuição dos recursos para os políticos.,
221,Sílvio José Pereira,,,,Silvio Pereira,,,,,,http://veja.abril.com.br/infograficos/rede-escandalos/perfil/silvio-pereira.shtml?scrollto=conteudo-rede,,pt.wikipedia.org/wiki/Silvio_Pereira,Participar das negociações com os partidos que apoiaram o governo Lula no Congresso.,
222,João Paulo Cunha,,SP,,,PT,54,Câmara,,,http://veja.abril.com.br/infograficos/rede-escandalos/perfil/joao-paulo-cunha.shtml?scrollto=conteudo-rede,http://www.politicos.org.br/joao-paulo-cunha,pt.wikipedia.org/wiki/João_Paulo_Cunha,"Receber R$ 50 mil do ""valerioduto"" para contratar uma das agências de Marcos Valério, a SMP&B, quando presidia a Câmara dos Deputados e se beneficiar do desvio de recursos públicos repassados à agência.
Arquivo 9, p. 18",
223,Romeu Ferreira De Queiroz,,MG,,Romeu Queiroz,PTB,52,Câmara,,,,http://www.politicos.org.br/romeu-ferreira-de-queiroz,pt.wikipedia.org/wiki/Romeu_Ferreira_de_Queiroz,"Reeceber R$ 102 mil reais da Usiminas, repassados pela SMP&B na campanha de 2004.",
224,Zilmar Fernandes Silveira,,,,,,,,,,,,,"Sacar R$ 1,4 milhão do ""valerioduto"" para Duda Mendonça e transferir recursos ilegalmente para o exterior.",
225,Vieira Reis,,RJ,,,S.PARTIDO,52,Câmara,,,,,,Sanguessugas (Escândalo das   Ambulâncias),
226,Wellington Antônio Fagundes,,MT,,Wellington Fagundes,PR,55,Senado,,,http://veja.abril.com.br/infograficos/rede-escandalos/perfil/wellington-fagundes.shtml?scrollto=conteudo-rede,http://www.politicos.org.br/wellington-antonio-fagundes,pt.wikipedia.org/wiki/Wellington_Fagundes,Sanguessugas (Escândalo das   Ambulâncias),
227,Zelinda Novaes E Silva Jarske,,BA,,Zelinda Novaes,PFL,52,Câmara,,,,,,Sanguessugas (Escândalo das   Ambulâncias),
228,Vittorio Medioli,,MG,,,PV,52,Câmara,,,,,,Sonegação Fiscal,
229,Abelardo Luiz Lupion Mello,,PR,,Abelardo Lupion,DEM,54,Deputado Federal,,,,http://www.politicos.org.br/abelardo-luiz-lupion-mello,pt.wikipedia.org/wiki/Abelardo_Lupion,Sonegação Fiscal,
230,Ademir Prates,,,,,,,,,,,,,Falsidade Ideológica,
231,Aelton José de Freitas,,MG,,Aelton Freitas,PR,55,Câmara,,,,http://www.politicos.org.br/aelton-jose-de-freitas,pt.wikipedia.org/wiki/Aelton_Freitas,Crime de Responsabilidade e Estelionato,
232,Aguinaldo Velloso Borges Ribeiro,,PB,,Aguinaldo Ribeiro,PP,55,Deputado Federal,,http://infograficos-estaticos.s3.amazonaws.com/lista-final-lava-jato/assets/images/fotos/pb/aguinaldo-ribeiro.png,,http://www.politicos.org.br/aguinaldo-velloso-borges-ribeiro,pt.wikipedia.org/wiki/Aguinaldo_Ribeiro,Lava a Jato,
233,Airton Roveda,,PR,,,PR,53,Câmara,,,,,,Peculato,
234,Albérico Filho,,MA,,,PMDB,53,Câmara,,,,,,Apropriação Indébita,
235,Alceste Madeira Almeida Do Nascimento,,MA,,"Alceste Madeira, Alceste Almeida",PSB,,Deputado,,,,,pt.wikipedia.org/wiki/Alceste_Madeira,"Peculato e Formação de Quadrilha, Sanguessugas (Escândalo das Ambulâncias)",
236,Alex Canziani Silveira,,PR,,Alex Canziani,PTB,55,Câmara,,,,http://www.politicos.org.br/alex-canziani-silveira,pt.wikipedia.org/wiki/Alex_Canziani,Peculato,
237,Daniel Almeida,,BA,,,PCdoB,55,Deputado Federal,,,,http://www.politicos.org.br/daniel-gomes-de-almeida,,,
238,Alexandre José dos Santos,,RJ,,Alexandre Santos,PMDB,54,Deputado Federal,,http://infograficos-estaticos.s3.amazonaws.com/lista-final-lava-jato/assets/images/fotos/pb/alexandre-santos.png,,http://www.politicos.org.br/alexandre-jose-dos-santos,pt.wikipedia.org/wiki/Alexandre_Santos,,
239,Alfredo Hélio Syrkis,,RJ,,Alfredo Sirkis,PV,54,Câmara,,,,http://www.politicos.org.br/alfredo-helio-syrkis,pt.wikipedia.org/wiki/Alfredo_Sirkis,,
240,Aline Lemos Corrêa de Oliveira Andrade,,SP,,Aline Corrêa,PP,54,Deputado Federal,,http://infograficos-estaticos.s3.amazonaws.com/lista-final-lava-jato/assets/images/fotos/pb/aline-lemos-oliveira.png,http://veja.abril.com.br/infograficos/rede-escandalos/perfil/aline-correa.shtml?scrollto=conteudo-rede,,pt.wikipedia.org/wiki/Aline_Corrêa,Lava a Jato,
241,Almeida De Jesus,,CE,,,PL,52,Câmara,,,,http://www.politicos.org.br/almeida-de-jesus,,Sanguessugas (Escândalo das Ambulâncias),
242,Almir Moura,,RJ,,,S.PARTIDO,52,Câmara,,,,http://www.politicos.org.br/almir-moura,,Sanguessugas (Escândalo das Ambulâncias),
243,Aloizio Mercadante Oliva,,SP,,Aloizio Mercadante,PT,53,Ministro,,,http://veja.abril.com.br/infograficos/rede-escandalos/perfil/aloizio-mercadante.shtml?scrollto=conteudo-rede,http://www.politicos.org.br/aloizio-mercadante-oliva,pt.wikipedia.org/wiki/Aloizio_Mercadante,,
244,Amarildo Martins Da Silva,,TO,,Pastor Amarildo,PSC,52,Câmara,,,,http://www.politicos.org.br/amarildo-martins-da-silva,pt.wikipedia.org/wiki/Amarildo_Martins_da_Silva,Sanguessugas (Escândalo das Ambulâncias),
245,Amauri Gasques,,SP,,,PL,52,Câmara,,,,http://www.politicos.org.br/amauri-gasques,,Sanguessugas (Escândalo das Ambulâncias),
246,Elcione Barbalho,,PA,,,PMDB,55,Deputado Federal,,,http://veja.abril.com.br/infograficos/rede-escandalos/perfil/elcione-barbalho.shtml?scrollto=conteudo-rede,,,,
247,André Zacharow,,PR,,,PMDB,54,Câmara,,,,http://www.politicos.org.br/andre-zacharow,pt.wikipedia.org/wiki/André_Zacharow,Improbidade Administrativa,
248,Ângela Moraes Guadagnin,,,,Ângela Guadagnin,,,,,,,,pt.wikipedia.org/wiki/Ângela_Guadagnin,"Dançarina do Plenário da Câmara, comemorando absolvição de corrupto",
249,Aníbal Ferreira Gomes,,CE,,Aníbal Gomes,PMDB,,Deputado Federal,,http://infograficos-estaticos.s3.amazonaws.com/lista-final-lava-jato/assets/images/fotos/pb/anibal-gomes.png,,http://www.politicos.org.br/anibal-ferreira-gomes,pt.wikipedia.org/wiki/Aníbal_Ferreira_Gomes,Improbidade Administrativa,
250,José Mendonça Bezerra Filho,,PE,,Mendonça Filho,DEM,55,Ministro da Educação,,,,,pt.wikipedia.org/wiki/Mendonça_Filho,,
251,Antero Paes de Barros Neto,,MT,,Antero Paes De Barros,PSDB,52,Senado,,,http://veja.abril.com.br/infograficos/rede-escandalos/perfil/antero-paes-de-barros.shtml?scrollto=conteudo-rede,,pt.wikipedia.org/wiki/Antero_Paes_de_Barros,Improbidade Administrativa e Formação de Quadrilha,
252,Antônia Luciléia Cruz Ramos Câmara,,AC,,Antônia Lúcia,PSC,54,Câmara,,,,http://www.politicos.org.br/antonia-lucileia-cruz-ramos-camara,pt.wikipedia.org/wiki/Antônia_Lúcia,,
253,Ronaldo Nogueira,,RS,,,PTB,55,Ministro do trabalho,,,,,,,http://www.esquerdadiario.com.br/Conheca-os-ministros-de-Temer-citados-na-Lava-Jato-banqueiros-e-filhos-da-oligarquia
254,Antonio Carlos Pannunzio,,SP,,Antônio Carlos Pannunzio,PSDB,53,Câmara,,,,http://www.politicos.org.br/antonio-carlos-pannunzio,pt.wikipedia.org/wiki/Antonio_Carlos_Pannunzio,Crime de Responsabilidade,
255,Antônio Ceron,,,,,,,,,,,http://www.politicos.org.br/antonio-ceron,pt.wikipedia.org/wiki/Antônio_Ceron,,
256,Sarney Filho,,MA,,,PV,55,Ministro do meio ambiente,,,,,https://pt.wikipedia.org/wiki/Sarney_Filho,,"http://politica.estadao.com.br/noticias/geral,policia-federal-indicia-filho-de-sarney-por-lavagem-de-dinheiro,403568"
257,Antônio Joaquim,,MA,,,PSDB,51,Deputado,,,,http://www.politicos.org.br/antonio-joaquim,,Improbidade Administrativa,
258,Antonio Palocci Filho,,,,Antônio Palocci,PT,,Ministro,,http://infograficos-estaticos.s3.amazonaws.com/lista-final-lava-jato/assets/images/fotos/pb/antonio-palocci.png,http://veja.abril.com.br/infograficos/rede-escandalos/perfil/antonio-palocci.shtml?scrollto=conteudo-rede,http://www.politicos.org.br/antonio-palocci-filho,pt.wikipedia.org/wiki/Antonio_Palocci,Quebra de Sigilo Bancário,
259,Blairo Maggi,,MT,,,PP,54,Ministro da Agricultura,,,,,,,
260,Arthur César Pereira de Lira,,AL,,Arthur Lira,PP,55,Deputado Federal,,http://infograficos-estaticos.s3.amazonaws.com/lista-final-lava-jato/assets/images/fotos/pb/arthur-lira.png,,http://www.politicos.org.br/arthur-cesar-pereira-de-lira,pt.wikipedia.org/wiki/Arthur_Lira,Lava a Jato,
261,Henrique Eduardo Lyra Alves,,RN,,Henrique Eduardo Alves,PMDB,54,Ministro,,,,,https://pt.wikipedia.org/wiki/Henrique_Eduardo_Alves,http://www.movimentofichalimpa.com.br/candidatos/henrique-alves/,https://pt.wikipedia.org/wiki/Henrique_Eduardo_Alves
262,Osvaldo Coelho,,PE,,,DEM,54,Deputado Estadual,,,,,,,
263,Arnaldo França Vianna,,RJ,,Arnaldo Vianna,PDT,53,Câmara,,,,,pt.wikipedia.org/wiki/Arnaldo_Vianna,http://www.movimentofichalimpa.com.br/candidatos/arnaldo-vianna/,
264,Benedito De Lira,,AL,,,PP,55,Senador,,http://infograficos-estaticos.s3.amazonaws.com/lista-final-lava-jato/assets/images/fotos/pb/benedito-de-lira.png,,http://www.politicos.org.br/benedito-de-lira,pt.wikipedia.org/wiki/Benedito_de_Lira,Sanguessugas (Escândalo das Ambulâncias),
265,Benedito Dias de Carvalho,,,,Benedito Dias,,,,,,,,pt.wikipedia.org/wiki/Benedito_Dias,Sanguessugas (Escândalo das Ambulâncias),
266,Benício Tavares,,,,,,,,,,http://veja.abril.com.br/infograficos/rede-escandalos/perfil/benicio-tavares.shtml?scrollto=conteudo-rede,,,,
267,Benjamin Maranhão,,PB,,,SD,55,Câmara,,,http://veja.abril.com.br/infograficos/rede-escandalos/perfil/benjamin-maranhao.shtml?scrollto=conteudo-rede,,pt.wikipedia.org/wiki/Benjamin_Maranhão,Crime Eleitoral,
268,Bernardo Guimarães Ribas Carli,,,,Bernardo Ribas Carli,,,,,,,http://www.politicos.org.br/bernardo-guimaraes-ribas-carli,pt.wikipedia.org/wiki/Bernardo_Ribas_Carli,,
269,Gilberto Kassab,,SP,,,PSD,52,"Ministro da ciência, tecnologia e comunicações",,,,,,,http://noticias.r7.com/sao-paulo/esquema-de-corrupcao-compromete-futuro-politico-de-kassab-e-seu-partido-dizem-especialistas-04112013
270,Breno Fischberg,,,,,,,,,,http://veja.abril.com.br/infograficos/rede-escandalos/perfil/breno-fischberg.shtml?scrollto=conteudo-rede,,,,
271,José Ivo Sartori,,RS,,José Ivo Sartori,PMDB,52,Câmara,,,,,pt.wikipedia.org/wiki/José_Ivo_Sartori,,
272,Marcelo De Carvalho Miranda,,MS,,Marcelo Miranda,PMDB,48,Senado,,,,,pt.wikipedia.org/wiki/Marcelo_Miranda,,
273,Cândido Elpídio de Souza Vaccarezza,,SP,,Cândido Vaccarezza,PT,54,Deputado Federal,,http://infograficos-estaticos.s3.amazonaws.com/lista-final-lava-jato/assets/images/fotos/pb/candido-vacarezza.png,http://veja.abril.com.br/infograficos/rede-escandalos/perfil/candido-vaccarezza.shtml?scrollto=conteudo-rede,http://www.politicos.org.br/candido-elpidio-de-souza-vaccarezza,pt.wikipedia.org/wiki/Cândido_Vaccarezza,Lava a Jato,
274,Carlito Merss,,SC,,,PT,53,Câmara,,,,http://www.politicos.org.br/carlito-merss,pt.wikipedia.org/wiki/Carlito_Merss,,
275,Carlos Alberto Grana,,,,,,,,,,http://veja.abril.com.br/infograficos/rede-escandalos/perfil/carlos-alberto-grana.shtml?scrollto=conteudo-rede,http://www.politicos.org.br/carlos-alberto-grana,pt.wikipedia.org/wiki/Carlos_Alberto_Grana,,
276,Carlos Alberto Leréia,,GO,,,PSDB,54,Câmara,,,http://veja.abril.com.br/infograficos/rede-escandalos/perfil/carlos-alberto-lereia.shtml?scrollto=conteudo-rede,,pt.wikipedia.org/wiki/Carlos_Alberto_Leréia,Lesão Corporal,
277,Carlos Alberto Quaglia,,,,,,,,,,http://veja.abril.com.br/infograficos/rede-escandalos/perfil/carlos-alberto-quaglia.shtml?scrollto=conteudo-rede,,,,
278,Carlos Alberto Rodrigues Pinto,,RJ,,Bispo Rodrigues,PL,51,Câmara,,,http://veja.abril.com.br/infograficos/rede-escandalos/perfil/carlos-bispo-rodrigues.shtml?scrollto=conteudo-rede,,pt.wikipedia.org/wiki/Carlos_Rodrigues,"mensalão, corrupção passiva e lavagem de dinheiro",
279,Sebastião Bocalom Rodrigues,,,,Tião Bocalom,,,,,,,,pt.wikipedia.org/wiki/Tião_Bocalom,,
280,Carlos Magno Ramos,,,,,PP,,Deputado Federal,,http://infograficos-estaticos.s3.amazonaws.com/lista-final-lava-jato/assets/images/fotos/pb/carlos-magno.png,,http://www.politicos.org.br/carlos-magno-ramos,,,
281,Carlos Marques Dunga,,PB,,Carlos Dunga,PTB,52,Câmara,,,,http://www.politicos.org.br/carlos-marques-dunga,pt.wikipedia.org/wiki/Carlos_Dunga,,
282,Cássio Rodrigues da Cunha Lima,,PB,,Cássio Cunha Lima,PSDB,55,Senado,,,,http://www.politicos.org.br/cassio-rodrigues-da-cunha-lima,pt.wikipedia.org/wiki/Cássio_Cunha_Lima,,
283,Cássio Taniguchi,,,,,,,,,,,http://www.politicos.org.br/cassio-taniguchi,pt.wikipedia.org/wiki/Cássio_Taniguchi,,
284,Celso Ubirajara Russomanno,,SP,,Celso Russomanno,PRB,55,Câmara,,,,http://www.politicos.org.br/celso-ubirajara-russomanno,pt.wikipedia.org/wiki/Celso_Russomanno,"Crime Eleitoral, Peculato e Agressão",
285,Cesar Epitácio Maia,,RJ,,"Cesar Maia, Epitácio Cafeteira",DEM,,,,,http://veja.abril.com.br/infograficos/rede-escandalos/perfil/epitacio-cafeteira.shtml,,pt.wikipedia.org/wiki/Cesar_Maia,,
286,Ciro Nogueira,,PI,,,PP,55,"Senador
e presidente do PP",,http://infograficos-estaticos.s3.amazonaws.com/lista-final-lava-jato/assets/images/fotos/pb/ciro-nogueira.png,,,pt.wikipedia.org/wiki/Ciro_Nogueira,Crime Contra a Ordem Tributária e Prevaricação,
287,Alexandre de Moraes,,,,,PSDB,,Ministro da justiça e cidadania,,,,,,,
288,Clóvis Antônio Chaves Fecury,,MA,,Clóvis Fecury,DEM,53,Câmara,,,,http://www.politicos.org.br/clovis-antonio-chaves-fecury,pt.wikipedia.org/wiki/Clóvis_Fecury,Crime Contra a Ordem Tributária,
289,Coriolano Sales,,BA,,Corialano Sales,PFL,52,Deputado,,,http://veja.abril.com.br/infograficos/rede-escandalos/perfil/coriolano-sales.shtml?scrollto=conteudo-rede,http://www.politicos.org.br/coriolano-sales,pt.wikipedia.org/wiki/Coriolano_Sales,Sanguessugas (Escândalo das Ambulâncias),
290,Anderson Adauto Pereira,,,,,,,,,,,,pt.wikipedia.org/wiki/Anderson_Adauto_Pereira,,
291,Anita Leocádia Pereira da Costa,,,,,,,,,,,,,,
292,Daniel Pires Coelho,,PE,,Daniel Coelho,PSDB,55,Câmara,,,,http://www.politicos.org.br/daniel-pires-coelho,pt.wikipedia.org/wiki/Daniel_Coelho,,
293,Darcisio Paulo Perondi,,RS,,Darcísio Perondi,PMDB,55,Câmara,,,,http://www.politicos.org.br/darcisio-paulo-perondi,pt.wikipedia.org/wiki/Darcísio_Perondi,Improbidade Administrativa,
294,David Samuel Alcolumbre Tobelem,,AP,,Davi Alcolumbre,DEM,55,Senado,,,,http://www.politicos.org.br/david-samuel-alcolumbre-tobelem,pt.wikipedia.org/wiki/Davi_Alcolumbre,Corrupção Ativa,
295,Delcídio do Amaral Gómez,,MS,,Delcídio Do Amaral,PT,54,Senador,,http://infograficos-estaticos.s3.amazonaws.com/lista-final-lava-jato/assets/images/fotos/pb/delcidio-amaral.png,,http://www.politicos.org.br/delcidio-do-amaral-gomez,pt.wikipedia.org/wiki/Delcídio_do_Amaral,,
296,Delúbio Soares de Castro,,,,Delúbio Soares,,,,,,http://veja.abril.com.br/infograficos/rede-escandalos/perfil/delubio-soares.shtml?scrollto=conteudo-rede,,pt.wikipedia.org/wiki/Delúbio_Soares,Ex Tesoureiro do PT,
297,Dilceu Sperafico,,PR,,,PP,55,Deputado Federal,,http://infograficos-estaticos.s3.amazonaws.com/lista-final-lava-jato/assets/images/fotos/pb/sperafico.png,,,pt.wikipedia.org/wiki/Dilceu_Sperafico,Apropriação Indébita,
298,Antônio Anastasia,,,,,PSDB,,Senador,,http://infograficos-estaticos.s3.amazonaws.com/lista-final-lava-jato/assets/images/fotos/pb/anastasia.png,,,pt.wikipedia.org/wiki/Antonio_Anastasia,,
299,Antônio De Pádua De Souza Lamas,,,,,,,,,,,,,,
300,Artur Virgílio do Carmo Ribeiro Neto,,AM,,Arthur Virgílio Neto,PSDB,,Senado,,,,,pt.wikipedia.org/wiki/Arthur_Virgílio_Neto,,
301,Edir Pedro de Oliveira,,,,Edir De Oliveira,,,,,,,,pt.wikipedia.org/wiki/Edir_Oliveira,Sanguessugas (Escândalo das Ambulâncias),
302,Edison Adrião Andrino de Oliveira,,,,Edson Andrino,,,,,,,http://www.politicos.org.br/edison-adriao-andrino-de-oliveira,pt.wikipedia.org/wiki/Edison_Andrino,Crime de Responsabilidade,
303,Edison Lobão,,MA,,,PMDB,55,Ministro,,http://infograficos-estaticos.s3.amazonaws.com/lista-final-lava-jato/assets/images/fotos/pb/edison-lobao.png,,http://www.politicos.org.br/edison-lobao,pt.wikipedia.org/wiki/Edison_Lobão,Lava a Jato,
304,Edison Lobão Filho,,,,Lobão Filho,,,,,,,http://www.politicos.org.br/edison-lobao-filho,pt.wikipedia.org/wiki/Edison_Lobão_Filho,,
305,Edna Macedo,,SP,,,PTB,52,Câmara,,,,,,Sanguessugas (Escândalo das Ambulâncias),
306,Eduardo Brandão de Azeredo,,MG,,Eduardo Azeredo,PSDB,54,Câmara,,,http://veja.abril.com.br/infograficos/rede-escandalos/perfil/eduardo-azeredo.shtml?scrollto=conteudo-rede,http://www.politicos.org.br/eduardo-brandao-de-azeredo,pt.wikipedia.org/wiki/Eduardo_Azeredo,Improbidade Administrativa,
307,Eduardo Gomes,,TO,,,SD,54,Câmara,,,http://veja.abril.com.br/infograficos/rede-escandalos/perfil/eduardo-gomes.shtml?scrollto=conteudo-rede,,pt.wikipedia.org/wiki/Eduardo_Gomes,"Crime Eleitoral, Sanguessugas (Escândalo das Ambulâncias)",
308,Eduardo Henrique da Fonte de Albuquerque Silva,,PE,,Eduardo Da Fonte,PP,55,Deputado Federal,,http://infograficos-estaticos.s3.amazonaws.com/lista-final-lava-jato/assets/images/fotos/pb/eduardo-da-fonte.png,,http://www.politicos.org.br/eduardo-henrique-da-fonte-de-albuquerque-silva,pt.wikipedia.org/wiki/Eduardo_da_Fonte,Lava a Jato,
309,Eduardo Seabra,,AP,,,PTB,52,Câmara,,,,http://www.politicos.org.br/eduardo-seabra,,Sanguessugas (Escândalo das Ambulâncias),
310,Aspásia Camargo,,,,,PV,,,,,,,pt.wikipedia.org/wiki/Aspásia_Camargo,,
311,Elaine Costa,,RJ,,,PTB,52,Câmara,,,,http://www.politicos.org.br/elaine-costa,,Sanguessugas (Escândalo das Ambulâncias),
312,Ayanna Tenório Tôrres De Jesus,,,,,,,,,,,,,,
313,Elimar Máximo Damasceno,,SP,,,PRONA,52,Câmara,,,,http://www.politicos.org.br/elimar-maximo-damasceno,,Falsidade Ideológica,
314,Eliseu Padilha,,RS,,,PMDB,54,Ministro da casa civil,,,,,https://pt.wikipedia.org/wiki/Eliseu_Padilha,Corrupção Passiva,
315,Caiadinho,,,,,DEM,,,,,,,,,
316,Enivaldo Ribeiro,,PB,,,PP,52,Câmara,,,http://veja.abril.com.br/infograficos/rede-escandalos/perfil/enivaldo-ribeiro.shtml?scrollto=conteudo-rede,http://www.politicos.org.br/enivaldo-ribeiro,pt.wikipedia.org/wiki/Enivaldo_Ribeiro,"Crime Contra a Ordem Tributária, Sanguessugas (Escândalo das Ambulâncias)",
317,Érico Ribeiro,,RS,,,PP,52,Câmara,,,,http://www.politicos.org.br/erico-ribeiro,,Crime Contra a Ordem Tributária e Apropriação Indébita,
318,Etivaldo Vadão Gomes,,SP,,Vadão Gomes,PP,53,Câmara,,,,http://www.politicos.org.br/etivaldo-vadao-gomes,pt.wikipedia.org/wiki/Vadão_Gomes,Improbidade Administrativa e Crime Contra a Ordem Tributária,
319,Candidato Porto Velho,,,,,PVE,,,,,,,,,
320,Cícero Lucena Filho,,,,JPE?,,,,,,,,pt.wikipedia.org/wiki/Cícero_Lucena,,
321,Cristiano De Mello Paz,,,,,,,,,,,,,,
322,Dr. Paulinho,,,,,PV,,,,,,,,,
323,Fátima Cleide Rodrigues da Silva,,RO,,Fátima Cleide,PT,53,Senado,,,,http://www.politicos.org.br/fatima-cleide-rodrigues-da-silva,pt.wikipedia.org/wiki/Fátima_Cleide,,
324,Fernando Affonso Collor De Mello,,AL,,Fernando Collor De Mello,PTB,,Senador,,http://infograficos-estaticos.s3.amazonaws.com/lista-final-lava-jato/assets/images/fotos/pb/fernando-collor.png,http://veja.abril.com.br/infograficos/rede-escandalos/perfil/fernando-collor-de-mello.shtml?scrollto=conteudo-rede,http://www.politicos.org.br/fernando-affonso-collor-de-mello,pt.wikipedia.org/wiki/Fernando_Collor_de_Mello,,
325,Dyogo Henrique de Oliveira,,TO,,,,,"Ministro do planejamento, orçamento e gestão",,,,,,,
326,Eder Moreira Brambilla,,,,,PTN,,,,,,,,,
327,Fernando Estima,,SP,,,S.PARTIDO,52,Câmara,,,,,,Sanguessugas (Escândalo das Ambulâncias),
328,Fernando Gonçalves,,RJ,,,PTB,53,Câmara,,,,,,Sanguessugas (Escândalo das Ambulâncias),
329,Fernando Lucio Giacobo,,PR,,Giacobo,PR,55,Câmara,,,,http://www.politicos.org.br/fernando-lucio-giacobo,pt.wikipedia.org/wiki/Fernando_Giacobo,Crime Contra a Ordem Tributária e Seqüestro,
330,Francisco de Assis de Moraes Souza,,PI,,Mão Santa,PSC,53,Senado,,,,http://www.politicos.org.br/francisco-de-assis-de-moraes-souza,https://pt.wikipedia.org/wiki/M%C3%A3o_Santa,Improbidade Administrativa,
331,Francisco Octávio Beckert,,PR,,,PL,,Deputado,,,,http://www.politicos.org.br/francisco-octavio-beckert,,Crime Eleitoral,
332,Francisco Vieira Sampaio,,,,,PRP,,,,,,http://www.politicos.org.br/francisco-vieira-sampaio,,,
333,Garibaldi Alves,,,,,PMDB,,,,,,http://www.politicos.org.br/garibaldi-alves,pt.wikipedia.org/wiki/Garibaldi_Alves,Crime Eleitoral,
334,Edvaldo Pereira De Brito,,,,,,,,,,,,pt.wikipedia.org/wiki/Edvaldo_Pereira_de_Brito,,
335,Emerson Eloy Palmieri,,,,,,,,,,,,,,
336,Gladson de Lima Cameli,,AC,,Gladson Cameli,PP,55,Senador,,http://infograficos-estaticos.s3.amazonaws.com/lista-final-lava-jato/assets/images/fotos/pb/gladson-cameli.png,,http://www.politicos.org.br/gladson-de-lima-cameli,pt.wikipedia.org/wiki/Gladson_Cameli,Lava a Jato,
337,Gleisi Helena Hoffmann,,PR,,Gleisi Hoffmann,PT,55,Senador,,http://infograficos-estaticos.s3.amazonaws.com/lista-final-lava-jato/assets/images/fotos/pb/gleisi-hoffman.png,,http://www.politicos.org.br/gleisi-helena-hoffmann,pt.wikipedia.org/wiki/Gleisi_Hoffmann,Lava a Jato,
338,Guilherme Menezes,,BA,,,PT,53,Câmara,,,,,pt.wikipedia.org/wiki/Guilherme_Menezes,Improbidade Administrativa,
339,Expedito Gonçalves Ferreira Junior,,,,,,,,,,,,pt.wikipedia.org/wiki/Expedito_Júnior,,
340,Heleno Augusto de Lima,,,,Doutor Heleno,,,,,,,,,Sanguessugas (Escândalo das Ambulâncias),
341,Fabiano Silveira,,MG?,,,,,"Ministro da Transparência, Fiscalização e Controle",,,,,,,
342,Henrique Eduardo Lyra Alves,,RN,,Henrique Alves,PMDB,,Deputado Federal,,http://infograficos-estaticos.s3.amazonaws.com/lista-final-lava-jato/assets/images/fotos/pb/henrique-alves.png,,http://www.politicos.org.br/henrique-eduardo-lyra-alves,pt.wikipedia.org/wiki/Henrique_Eduardo_Alves,,
343,Fábio De Oliveira Branco,,,,Colorido,,,,,,,,pt.wikipedia.org/wiki/Fábio_de_Oliveira_Branco,http://www.mprs.mp.br/noticias/id35985.htm,
344,Henrique Pizzolato,,,,,,,,,,http://veja.abril.com.br/infograficos/rede-escandalos/perfil/henrique-pizzolato.shtml?scrollto=conteudo-rede,,pt.wikipedia.org/wiki/Henrique_Pizzolato,,
345,Ildeu Araújo,,,,Lideu Araújo,,,,,,,http://www.politicos.org.br/ildeu-araujo,http://www.votenaweb.com.br/politicos/ildeu.araujo,Crime Eleitoral,
346,Inaldo Leitão,,PB,,,PL,52,Câmara,,,,http://www.politicos.org.br/inaldo-leitao,,"Crime Contra o Patrimônio, Declaração Falsa de Imposto de Renda",
347,Inocêncio Gomes de Oliveira,,,,Inocêncio De Oliveira,,,,,,,,pt.wikipedia.org/wiki/Inocêncio_de_Oliveira,Crime de Escravidão,
348,Irapuan Teixeira,,,,Professor Irapuan,,,,,,,,pt.wikipedia.org/wiki/Irapuan_Teixeira,Sanguessugas (Escândalo das Ambulâncias),
349,Iris Simões,,,,,,,,,,,,,Sanguessugas (Escândalo das Ambulâncias),
350,Isaías Silvestre,,MG,,,PSB,54,Câmara,,,,http://www.politicos.org.br/isaias-silvestre,,Sanguessugas (Escândalo das Ambulâncias),
351,Itamar Serpa,,RJ,,Empresa Embelleze,PSDB,52,Câmara,,,,http://www.politicos.org.br/itamar-serpa,http://www.camara.leg.br/internet/deputado/Dep_Detalhe_Inativo.asp?id=522708,"Crime Contra o Consumidor, Sanguessugas (Escândalo das Ambulâncias)",
352,Fábio Medina Osório,,RS?,,,,,Ministro da Advocacia Geral da União,,,,,,,
353,Jackson Barreto De Lima,,SE,,Jackson Barreto,PMDB,53,Câmara,,,,http://www.politicos.org.br/jackson-barreto-de-lima,pt.wikipedia.org/wiki/Jackson_Barreto,Peculato e Improbidade Administrativa,
354,Jaime Martins,,MG,,,PSD,55,Câmara,,,,,,Crime Eleitoral,
355,Jefferson Alves De Campos,,SP,,Jefferson Campos,PSD,55,Câmara,,,http://veja.abril.com.br/infograficos/rede-escandalos/perfil/jefferson-campos.shtml?scrollto=conteudo-rede,http://www.politicos.org.br/jefferson-alves-de-campos,pt.wikipedia.org/wiki/Jefferson_Alves_de_Campos,Sanguessugas (Escândalo das Ambulâncias),
356,Jerônimo Pizzolotto Goergen,,RS,,Jerônimo Goergen,PP,55,Deputado Federal,,http://infograficos-estaticos.s3.amazonaws.com/lista-final-lava-jato/assets/images/fotos/pb/jeronimo-pizzolotto.png,,http://www.politicos.org.br/jeronimo-pizzolotto-goergen,pt.wikipedia.org/wiki/Jerônimo_Goergen,,
357,João Alberto Pizzolatti Júnior,,SC,,João Pizzolatti,PP,54,Deputado Federal,,http://infograficos-estaticos.s3.amazonaws.com/lista-final-lava-jato/assets/images/fotos/pb/joao-alberto-pizzolati.png,,http://www.politicos.org.br/joao-alberto-pizzolatti-junior,pt.wikipedia.org/wiki/João_Pizzolatti,,
358,João Batista de Jesus Ribeiro,,TO,,João Ribeiro,PFL,54,Senado,,,,http://www.politicos.org.br/joao-batista-de-jesus-ribeiro,pt.wikipedia.org/wiki/João_Ribeiro_(político),Peculato e Crime de Escravidão,
359,João Batista Ramos da Silva,,SP,,João Batista,PP,53,Deputado Federal,,,,http://www.politicos.org.br/joao-batista,,"Falsidade Ideológica, Sanguessugas (Escândalo das Ambulâncias)",
360,João Caldas,,AL,,,SD,54,Câmara,,,,,,Sanguessugas (Escândalo das Ambulâncias),
361,João Cláudio De Carvalho Genu,,,,João Cláudio Genu,,,,,,http://veja.abril.com.br/infograficos/rede-escandalos/perfil/joao-claudio-genu.shtml?scrollto=conteudo-rede,,pt.wikipedia.org/wiki/João_Cláudio_Genu,,
362,João Correia Lima Sobrinho,,AC,,João Correia,PMDB,52,Câmara,,,,http://www.politicos.org.br/joao-correia-lima-sobrinho,pt.wikipedia.org/wiki/João_Corrêia,"Declaração Falsa de Imposto de Renda, Sanguessugas (Escândalo das Ambulâncias)",
363,João Felipe de Souza Leão,,BA,,João Leão,PP,54,Vice-governador,,http://infograficos-estaticos.s3.amazonaws.com/lista-final-lava-jato/assets/images/fotos/pb/joao-leao.png,,http://www.politicos.org.br/joao-felipe-de-souza-leao,pt.wikipedia.org/wiki/João_Leão,,
364,João Herrmann Neto,,SP,,,PDT,52,Câmara,,,,http://www.politicos.org.br/joao-herrmann-neto,pt.wikipedia.org/wiki/João_Herrmann_Neto,Apropriação Indébita,
365,João Luiz Correia Argôlo dos Santos,,,,Luiz Argolo,SD,,Deputado Federal,,http://infograficos-estaticos.s3.amazonaws.com/lista-final-lava-jato/assets/images/fotos/pb/luiz-argolo.png,http://veja.abril.com.br/infograficos/rede-escandalos/perfil/luiz-argolo.shtml?scrollto=conteudo-rede,http://www.politicos.org.br/joao-luiz-correia-argolo-dos-santos,pt.wikipedia.org/wiki/Luiz_Argolo,Lava a Jato,
366,João Magno De Moura,,MG,,João Magno,PT,52,Câmara,,,http://veja.abril.com.br/infograficos/rede-escandalos/perfil/joao-magno.shtml?scrollto=conteudo-rede,,pt.wikipedia.org/wiki/João_Magno,Lavagem de Dinheiro,
367,João Mendes De Jesus,,RJ,,,S.PARTIDO,52,Câmara,,,,http://www.politicos.org.br/joao-mendes-de-jesus,pt.wikipedia.org/wiki/João_Mendes_de_Jesus,Sanguessugas (Escândalo das Ambulâncias),
368,Fernando Antônio Falcão Soares,,,,Baiano,Sem partido,,,,http://infograficos-estaticos.s3.amazonaws.com/lista-final-lava-jato/assets/images/fotos/pb/fernando-baiano.png,http://veja.abril.com.br/infograficos/rede-escandalos/perfil/fernando-soares-fernando-baiano.shtml?scrollto=conteudo-rede,,pt.wikipedia.org/wiki/Fernando_Soares,,
369,João Sandes Júnior,,GO,,Sandes Júnior,PP,55,Deputado Federal,,http://infograficos-estaticos.s3.amazonaws.com/lista-final-lava-jato/assets/images/fotos/pb/sandes-junior.png,http://veja.abril.com.br/infograficos/rede-escandalos/perfil/sandes-junior.shtml?scrollto=conteudo-rede,http://www.politicos.org.br/joao-sandes-junior,pt.wikipedia.org/wiki/Sandes_Júnior,,
370,João Vaccari Neto,,,,João Vaccari Neto,PT,,,,http://infograficos-estaticos.s3.amazonaws.com/lista-final-lava-jato/assets/images/fotos/pb/vaccari.png,http://veja.abril.com.br/infograficos/rede-escandalos/perfil/joao-vaccari-neto.shtml?scrollto=conteudo-rede,,pt.wikipedia.org/wiki/João_Vaccari_Neto,,
371,Jorge Pinheiro,,GO,,,PRB,54,Câmara,,,http://veja.abril.com.br/infograficos/rede-escandalos/perfil/jorge-pinheiro.shtml?scrollto=conteudo-rede,,pt.wikipedia.org/wiki/Jorge_Pinheiro,Crime Ambiental,
372,José Abelardo Guimarães Camarinha,,SP,,Abelardo Camarinha,PSB,54,Câmara,,,,http://www.politicos.org.br/jose-abelardo-guimaraes-camarinha,pt.wikipedia.org/wiki/Abelardo_Camarinha,,
373,José Cleonâncio Da Fonseca,,SE,,Cleonâncio Fonseca,PP,,Deputado,,,,,pt.wikipedia.org/wiki/José_Cleonâncio_da_Fonseca,Sanguessugas (Escândalo das Ambulâncias),
374,José Dirceu De Oliveira E Silva,,SP,,José Dirceu,PT,52,Câmara,,,http://veja.abril.com.br/infograficos/rede-escandalos/perfil/jose-dirceu.shtml?scrollto=conteudo-rede,,pt.wikipedia.org/wiki/José_Dirceu,Mensalão,
375,José Divino,,RJ,,,S.PARTIDO,52,Câmara,,,,,,Sanguessugas (Escândalo das Ambulâncias),
376,José Eduardo Cavalcanti De Mendonça,,,,Duda Mendonça,,,,,,http://veja.abril.com.br/infograficos/rede-escandalos/perfil/duda-mendonca.shtml?scrollto=conteudo-rede,,pt.wikipedia.org/wiki/Duda_Mendonça,Escândalo do Mensalinho (Renunciou para evitar a cassação),
377,José Fuscaldi Cesílio,,,,,,,,,,,http://www.politicos.org.br/jose-fuscaldi-cesilio,,"Crime Contra a Ordem Tributária, Declaração Falsa de Imposto de Renda e Sonegação Fiscal",
378,José Genoíno Neto,,,,José Genoino,,,,,,http://veja.abril.com.br/infograficos/rede-escandalos/perfil/jose-genoino.shtml?scrollto=conteudo-rede,http://www.politicos.org.br/jose-genoino-neto,pt.wikipedia.org/wiki/José_Genoino,"Mensalão, Dólares na Cueca",
379,José Geraldo Riva,,,,José Riva,PSD,,,,,,http://www.politicos.org.br/jose-geraldo-riva,pt.wikipedia.org/wiki/José_Geraldo_Riva,,
380,Fernando Bezerra Coelho Filho,,,,,PSB,,Ministro das Minas e Energia,,,,,,,
381,José Linhares,,CE,,,PP,54,Câmara,,,,,pt.wikipedia.org/wiki/José_Linhares,Improbidade Administrativa,
382,José Linhares Ponte,,,,,PP,,Deputado Federal,,http://infograficos-estaticos.s3.amazonaws.com/lista-final-lava-jato/assets/images/fotos/pb/jose-linhares-ponte.png,,http://www.politicos.org.br/jose-linhares-ponte,pt.wikipedia.org/wiki/José_Linhares_Ponte,,
383,José Luiz Alves,,,,,,,,,,http://veja.abril.com.br/infograficos/rede-escandalos/perfil/jose-luiz-alves.shtml?scrollto=conteudo-rede,,,,
384,Geiza Dias Dos Santos,,,,,,,,,,,,,,
385,José Mentor Guilherme de Melo Neto,,SP,,José Mentor,PT,55,Deputado Federal,,http://infograficos-estaticos.s3.amazonaws.com/lista-final-lava-jato/assets/images/fotos/pb/jose-mentor.png,,,pt.wikipedia.org/wiki/José_Mentor,Corrupção Passiva,
386,José Militão Costa,,,,José Militão Costa,,,,,,,,pt.wikipedia.org/wiki/José_Militão_Costa,Sanguessugas (Escândalo das Ambulâncias),
387,José Mohamed Janene,,PR,,José Janene,PP,52,Câmara,,,http://veja.abril.com.br/infograficos/rede-escandalos/perfil/jose-janene.shtml?scrollto=conteudo-rede,,pt.wikipedia.org/wiki/José_Janene,"Estelionato, Improbidade Administrativa, Lavagem de Dinheiro, Corrupção Passiva, Formação de Quadrilha, Apropriação Indébita e Crime Eleitoral",
388,José Nobre Guimarães,,,,,,,,,,http://veja.abril.com.br/infograficos/rede-escandalos/perfil/jose-nobre-guimaraes.shtml?scrollto=conteudo-rede,http://www.politicos.org.br/jose-nobre-guimaraes,pt.wikipedia.org/wiki/José_Nobre_Guimarães,Dólares na Cueca (Agora Candidato a Dep. Federal),
389,José Olímpio Silveira Moraes,,,,José Olímpio Moraes,PP,,Deputado Federal,,http://infograficos-estaticos.s3.amazonaws.com/lista-final-lava-jato/assets/images/fotos/pb/jose-olimpio.png,,http://www.politicos.org.br/jose-olimpio-silveira-moraes,pt.wikipedia.org/wiki/José_Olímpio_Silveira_Moraes,,
390,José Otávio Germano,,RS,,,PP,55,Deputado Federal,,http://infograficos-estaticos.s3.amazonaws.com/lista-final-lava-jato/assets/images/fotos/pb/jose-otavio-germano.png,,http://www.politicos.org.br/jose-otavio-germano,pt.wikipedia.org/wiki/José_Otávio_Germano,Lava a Jato,
391,José Roberto Arruda,,DF,,José Roberto Arruda,PFL,52,Deputado Federal,,,http://veja.abril.com.br/infograficos/rede-escandalos/perfil/jose-roberto-arruda.shtml?scrollto=conteudo-rede,,pt.wikipedia.org/wiki/José_Roberto_Arruda,,
392,José Roberto Salgado,,,,,,,,,,http://veja.abril.com.br/infograficos/rede-escandalos/perfil/jose-roberto-salgado.shtml?scrollto=conteudo-rede,,,,
393,José Rodrigues Borba,,PR,,José Borba,PMDB,52,Câmara,,,http://veja.abril.com.br/infograficos/rede-escandalos/perfil/jose-borba.shtml?scrollto=conteudo-rede,,pt.wikipedia.org/wiki/José_Borba,,
394,José Viana Povoa Camelo,,,,Zé Viana,PSD,,,,,,http://www.politicos.org.br/jose-viana-povoa-camelo,http://www.eleicoes2014.com.br/ze-viana/,,
395,Josias Gomes,,BA,,,PT,55,Câmara,,,,,pt.wikipedia.org/wiki/Josias_Gomes,"Mensalão, CPI dos Correios",
396,Jovair Arantes,,GO,,,PTB,55,Deputado Federal,,,,,pt.wikipedia.org/wiki/Jovair_Arantes,Improbidade Administrativa,
397,Jovino Cândido,,SP,,,PV,52,Câmara,,,,,,Improbidade Administrativa,
398,Júlio César,,,,,,,,,,,,,"Peculato, Formação de Quadrilha, Lavagem de Dinheiro e Falsidade Ideológica",
399,Júlio César Gomes Dos Santos,,MG,,Cabo Júlio,PMDB,52,Deputado Estadual,,,http://veja.abril.com.br/infograficos/rede-escandalos/perfil/cabo-julio.shtml?scrollto=conteudo-rede,http://www.politicos.org.br/julio-cesar-gomes-dos-santos,pt.wikipedia.org/wiki/Cabo_Júlio,"Crime Militar, Sanguessugas (Escândalo das Ambulâncias)",
400,Júlio Lopes,,,,,,,,,,,,,Falsidade Ideológica,
401,Júnior Betão,,AC,,,PL,52,Câmara,,,,,,"Declaração Falsa de Imposto de Renda, Sanguessugas (Escândalo das Ambulâncias)",
402,Juvêncio César da Fonseca,,MS,,Juvêncio Da Fonseca,PSDB,52,Senado,,,,,pt.wikipedia.org/wiki/Juvêncio_César_da_Fonseca,Improbidade Administrativa,
403,Kátia Rabello,,,,,,,Banqueira,,,http://veja.abril.com.br/infograficos/rede-escandalos/perfil/katia-rabello.shtml?scrollto=conteudo-rede,,pt.wikipedia.org/wiki/Kátia_Rabello,,
404,Laura Carneiro,,RJ,,,PMDB,55,Câmara,,,,http://www.politicos.org.br/laura-carneiro,pt.wikipedia.org/wiki/Laura_Carneiro,Improbidade Administrativa e Sanguessugas (Escândalo das Ambulâncias),
405,Lázaro Botelho Martins,,TO,,Lázaro Botelho,PP,55,Deputado Federal,,http://infograficos-estaticos.s3.amazonaws.com/lista-final-lava-jato/assets/images/fotos/pb/lazaro-botelho.png,,http://www.politicos.org.br/lazaro-botelho-martins,,,
406,Helder Barbalho,,,,,PMDB,,Ministro da integração nacional,,,,,,,
407,Leonel Arcangelo Pavan,,SC,,Leonel Pavan,PDT,53,Senado,,,,http://www.politicos.org.br/leonel-arcangelo-pavan,pt.wikipedia.org/wiki/Leonel_Pavan,Contratação de Serviços Públicos Sem Licitação e Concussão,
408,Lino Rossi,,MT,,,PP,52,Câmara,,,http://veja.abril.com.br/infograficos/rede-escandalos/perfil/lino-rossi.shtml?scrollto=conteudo-rede,http://www.politicos.org.br/lino-rossi,,Sanguessugas (Escândalo das Ambulâncias),
409,Lúcia Vânia Abrão Costa,,,,Lúcia Vânia Abrão Costa,,,,,,,,pt.wikipedia.org/wiki/Lúcia_Vânia_Abrão_Costa,Peculato,
410,Henrique de Campos Meirelles,,GO,,,,,Ministro da economia,,,http://veja.abril.com.br/infograficos/rede-escandalos/perfil/henrique-meirelles.shtml?scrollto=conteudo-rede,,,,
411,Luis Carlos Heinze,,RS,,,PP,55,Deputado Federal,,http://infograficos-estaticos.s3.amazonaws.com/lista-final-lava-jato/assets/images/fotos/pb/luis-carlos-heinze.png,,http://www.politicos.org.br/luis-carlos-heinze,pt.wikipedia.org/wiki/Luis_Carlos_Heinze,Lava a Jato,
412,Luiz Antônio Fleury Filho,,,,Luiz Antônio Fleury,,,,,,http://veja.abril.com.br/infograficos/rede-escandalos/perfil/luiz-antonio-fleury-filho.shtml?scrollto=conteudo-rede,http://www.politicos.org.br/luiz-antonio-fleury-filho,pt.wikipedia.org/wiki/Luiz_Antônio_Fleury_Filho,Improbidade Administrativa,
413,Luiz Carlos da Silva,,SP,,Professor Luizinho,PT,52,Câmara,,,http://veja.abril.com.br/infograficos/rede-escandalos/perfil/professor-luizinho.shtml?scrollto=conteudo-rede,,pt.wikipedia.org/wiki/Professor_Luizinho,Lavagem de Dinheiro,
414,Luiz Gonzaga Patriota,,PE,,Gonzaga Patriota,PSB,55,Câmara,,,,http://www.politicos.org.br/luiz-gonzaga-patriota,pt.wikipedia.org/wiki/Luiz_Gonzaga_Patriota,Apropriação Indébita,
415,Luiz Gushiken,,SP,,,PT,50,Câmara,,,http://veja.abril.com.br/infograficos/rede-escandalos/perfil/luiz-gushiken.shtml?scrollto=conteudo-rede,,pt.wikipedia.org/wiki/Luiz_Gushiken,CPI dos Correios,
416,Luiz Paulo Vellozo Lucas,,ES,,VIX,PSDB,53,Câmara,,,,http://www.politicos.org.br/luiz-paulo-vellozo-lucas,pt.wikipedia.org/wiki/Luiz_Paulo_Vellozo_Lucas,,
417,Luizianne De Oliveira Lins,,CE,,Luizianne Lins,PT,55,Câmara,,,,http://www.politicos.org.br/luizianne-de-oliveira-lins,pt.wikipedia.org/wiki/Luizianne_Lins,,
418,Lupércio Ramos,,AM,,,PMDB,53,Câmara,,,,,,Crime de Aborto,
419,Marcelino Fraga,,ES,,,PMDB,52,Câmara,,,,http://www.politicos.org.br/marcelino-fraga,,"Crime Eleitoral, Sanguessugas (Escândalo das Ambulâncias)",
420,Marcelo Bezerra Crivella,,RJ,,Marcelo Crivella,PRB,54,Senado,,,,http://www.politicos.org.br/marcelo-bezerra-crivella,pt.wikipedia.org/wiki/Marcelo_Crivella,Crime Contra o Sistema Financeiro e Falsidade Ideológica,
421,Jacinto De Souza Lamas,,,,,,,,,,,,,,
422,João Rodrigo Pinho de Almeida,,,,"João Almeida, SSA?",,,,,,,,pt.wikipedia.org/wiki/João_Almeida,,
423,Leonardo Piciani,,,,,PMDB,,Ministro do esporte,,,,,,,
424,Marcelo Pirilo Teixeira,,,,Marcelo Pirilo Teixeira,,,,,,,,pt.wikipedia.org/wiki/Marcelo_Pirilo_Teixeira,Sonegação Fiscal,
425,Marcio Reinaldo Dias Moreira,,MG,,Márcio Reinaldo Moreira,PP,53,Câmara,,,,http://www.politicos.org.br/marcio-reinaldo-dias-moreira,pt.wikipedia.org/wiki/Marcio_Reinaldo_Dias_Moreira,Crime Ambiental,
426,Marcos Abramo,,SP,,,PP,52,Câmara,,,,,,Sanguessugas (Escândalo das Ambulâncias),
427,Luciano Genésio,,,,,,,,,,,,,,
428,Marcos Valério Fernandes De Souza,,,,Marcos Valério,,,,,,http://veja.abril.com.br/infograficos/rede-escandalos/perfil/marcos-valerio.shtml?scrollto=conteudo-rede,,pt.wikipedia.org/wiki/Marcos_Valério_Fernandes_de_Souza,,
429,Maria Suely Silva Campos,,RR,,Suely Campos,PP,52,Câmara,,,,,pt.wikipedia.org/wiki/Suely_Campos,Crime Eleitoral,
430,Mário Sílvio Mendes Negromonte,,BA,,Mário Negromonte,PP,54,Ministro,,http://infograficos-estaticos.s3.amazonaws.com/lista-final-lava-jato/assets/images/fotos/pb/mario-negromonte.png,http://veja.abril.com.br/infograficos/rede-escandalos/perfil/mario-negromonte.shtml?scrollto=conteudo-rede,http://www.politicos.org.br/mario-silvio-mendes-negromonte,pt.wikipedia.org/wiki/Mário_Negromonte,Sanguessugas (Escândalo das Ambulâncias),
431,Marcelo Calero,,RJ,,,,,Ministro da cultura,,,,,,,
432,Maurício Rabelo,,TO,,,PL,52,Câmara,,,,http://www.politicos.org.br/mauricio-rabelo,,Sanguessugas (Escândalo das Ambulâncias),
433,Nélio Silveira Dias,,RN,,Nélio Dias,PP,53,Câmara,,,,http://www.politicos.org.br/nelio-silveira-dias,pt.wikipedia.org/wiki/Nélio_Dias,Sanguessugas (Escândalo das Ambulâncias),
434,Nelson Meurer,,PR,,,PP,55,Deputado Federal,,http://infograficos-estaticos.s3.amazonaws.com/lista-final-lava-jato/assets/images/fotos/pb/nelson-meurer.png,,http://www.politicos.org.br/nelson-meurer,pt.wikipedia.org/wiki/Nelson_Meurer,Lava a Jato,
435,Nelson Roberto Bornier de Oliveira,,RJ,,Bornier,PMDB,,Prefeito,,,,http://www.politicos.org.br/nelson-roberto-bornier-de-oliveira,pt.wikipedia.org/wiki/Nelson_Bornier,Improbidade Administrativa,
436,Nelson Trad,,MS,,Nelsinho Trad,PMDB,53,Câmara,,,,http://www.politicos.org.br/nelson-trad,pt.wikipedia.org/wiki/Nelson_Trad,,
437,Neuton Lima,,SP,,,PTB,52,Câmara,,,,http://www.politicos.org.br/neuton-lima,,Sanguessugas (Escândalo das Ambulâncias),
438,Erro:511,,PB,,Ney Suassuna,PMDB,52,Senado,,,http://veja.abril.com.br/infograficos/rede-escandalos/perfil/ney-suassuna.shtml?scrollto=conteudo-rede,,pt.wikipedia.org/wiki/Ney_Suassuna,Sanguessugas (Escândalo das Ambulâncias),
439,Nilton Capixaba,,RO,,,PTB,55,Câmara,,,http://veja.abril.com.br/infograficos/rede-escandalos/perfil/nilton-capixaba.shtml?scrollto=conteudo-rede,,,Sanguessugas (Escândalo das Ambulâncias),
440,Osmânio Pereira,,MG,,,PTB,52,Câmara,,,,http://www.politicos.org.br/osmanio-pereira,,Sanguessugas (Escândalo das Ambulâncias),
441,Marcelo Nilo,,BA,,,PSL,,Deputado Estadual,,,,,,,
442,Osvaldo De Souza Reis,,TO,,Osvaldo Reis,PMDB,54,Câmara,,,,http://www.politicos.org.br/osvaldo-de-souza-reis,https://pt.wikipedia.org/wiki/Osvaldo_de_Souza_Reis,Apropriação Indébita,
443,Paulo Afonso Evangelista Vieira,,SC,,Paulo Afonso,PMDB,52,Câmara,,,,,https://pt.wikipedia.org/wiki/Paulo_Afonso_Evangelista_Vieira,"Peculato, Crime Contra o Sistema Financeiro e Improbidade Administrativa",
444,Paulo Baltazar,,RJ,,,PSB,52,Câmara,,,,http://www.politicos.org.br/paulo-baltazar,pt.wikipedia.org/wiki/Paulo_Baltazar,Sanguessugas (Escândalo das Ambulâncias),
445,Marcos Pereira,,,,,PRB,,Ministro da industria e comercio.,,,,,,,
446,Paulo Feijó,,RJ,,,PR,55,Câmara,,,http://veja.abril.com.br/infograficos/rede-escandalos/perfil/paulo-feijo.shtml?scrollto=conteudo-rede,,pt.wikipedia.org/wiki/Paulo_Feijó,Sanguessugas (Escândalo das Ambulâncias),
447,Paulo José Gouveia,,,,,,,,,,,,,Porte Ilegal de Arma,
448,Paulo Lima,,SP,,,PMDB,53,Câmara,,,,,,Extorsão e Sonegação Fiscal,
449,Paulo Magalhães,,BA,,Paulo Magalhães,PSD,55,Câmara,,,,,pt.wikipedia.org/wiki/Paulo_Magalhães,Lesão Corporal,
450,Paulo Pimenta,,RS,,,PT,55,Câmara,,,,,pt.wikipedia.org/wiki/Paulo_Pimenta,"Compra de Votos, Mensalão, CPI Correios",
451,Paulo Roberto Bauer,,SC,,Paulo Bauer,PSDB,55,Senado,,,,http://www.politicos.org.br/paulo-roberto-bauer,pt.wikipedia.org/wiki/Paulo_Bauer,,
452,Paulo Roberto Galvão da Rocha,,,,Paulo Roberto Galvão Da Rocha,,,,,,,http://www.politicos.org.br/paulo-roberto-galvao-da-rocha,pt.wikipedia.org/wiki/Paulo_Rocha_(político),,
453,Paulo Salim Maluf,,SP,,Paulo Maluf,PP,55,Câmara,,,http://veja.abril.com.br/infograficos/rede-escandalos/perfil/paulo-maluf.shtml?scrollto=conteudo-rede,http://www.politicos.org.br/paulo-salim-maluf,pt.wikipedia.org/wiki/Paulo_Maluf,"Corrupção, Falcatruas, Improbidade Administrativa, Desvio de Dinheiro Público, Lavagem de dinheiro",
454,Pedro Da Silva Corrêa De Oliveira Andrade Neto,,PE,,Pedro Corrêa,PP,52,Deputado Federal,,http://infograficos-estaticos.s3.amazonaws.com/lista-final-lava-jato/assets/images/fotos/pb/pedro-correa.png,http://veja.abril.com.br/infograficos/rede-escandalos/perfil/pedro-correa.shtml?scrollto=conteudo-rede,,pt.wikipedia.org/wiki/Pedro_Corrêa,"Cassado em associação ao Escândalo do Mensalão, Compra de Votos",
455,Pedro Henry Neto,,MT,,Pedro Henry,PP,54,Deputado Federal,,http://infograficos-estaticos.s3.amazonaws.com/lista-final-lava-jato/assets/images/fotos/pb/pedro-henry.png,http://veja.abril.com.br/infograficos/rede-escandalos/perfil/pedro-henry.shtml?scrollto=conteudo-rede,http://www.politicos.org.br/pedro-henry-neto,pt.wikipedia.org/wiki/Pedro_Henry,"Formação de Quadrilha, Lavagem de Dinheiro e Corrupção Passiva, Sanguessugas (Escândalo das Ambulâncias)",
456,Raimundo Santos,,PA,,,PR,52,Câmara,,,,,,Sanguessugas (Escândalo das Ambulâncias),
457,Mauricio Quintella,,,,,PR,,Ministro dos transportes,,,,,,,
458,Reginaldo Germano,,BA,,,PP,52,Câmara,,,,http://www.politicos.org.br/reginaldo-germano,,Sanguessugas (Escândalo das Ambulâncias),
459,Reinaldo Betão,,RJ,,,PL,52,Câmara,,,,http://www.politicos.org.br/reinaldo-betao,,Sanguessugas (Escândalo das Ambulâncias),
460,Reinaldo Gripp,,RJ,,,PL,52,Câmara,,,,http://www.politicos.org.br/reinaldo-gripp,,Sanguessugas (Escândalo das Ambulâncias),
461,Remi Abreu Trinta,,MA,,Remi Trinta,PR,52,Câmara,,,,,pt.wikipedia.org/wiki/Remi_Trinta,Estelionato e Crime Ambiental,
462,Renan Calheiros,,AL,,,PRN,55,Presidente do Senado,,,http://veja.abril.com.br/infograficos/rede-escandalos/perfil/renan-calheiros.shtml?scrollto=conteudo-rede,,pt.wikipedia.org/wiki/Renan_Calheiros,,
463,Renato Delmar Molling,,RS,,Renato Molling,PP,55,Câmara,,http://infograficos-estaticos.s3.amazonaws.com/lista-final-lava-jato/assets/images/fotos/pb/renato-molling.png,,http://www.politicos.org.br/renato-delmar-molling,pt.wikipedia.org/wiki/Renato_Delmar_Molling,Lava Jato,
464,Ribamar Alves,,MA,,,PSB,54,Câmara,,,,,http://www.votenaweb.com.br/politicos/ribamar.alves,Sanguessugas (Escândalo das Ambulâncias),
465,Ricardo Barros,,PR,,,PP,55,Ministro da Saude,,,,,pt.wikipedia.org/wiki/Ricardo_Barros,Sonegação Fiscal,
466,Ricarte De Freitas,,MT,,,PTB,53,Câmara,,,,http://www.politicos.org.br/ricarte-de-freitas,,"Improbidade Administrativa e Formação de Quadrilha, Sanguessugas (Escândalo das Ambulâncias)",
467,Roberto Brant,,MG,,Roberto Brant,PFL,52,Câmara,,,,,pt.wikipedia.org/wiki/Roberto_Brant,"Crime Eleitoral, Mensalão, CPI Correios",
468,Roberto Cavalcanti Ribeiro,,,,Roberto Cavalcanti,,,,,,,http://www.politicos.org.br/roberto-cavalcanti-ribeiro,pt.wikipedia.org/wiki/Roberto_Cavalcanti,,
469,Roberto Egídio Balestra,,GO,,Roberto Balestra,PP,55,Deputado Federal,,http://infograficos-estaticos.s3.amazonaws.com/lista-final-lava-jato/assets/images/fotos/pb/roberto-balestra.png,,http://www.politicos.org.br/roberto-egidio-balestra,pt.wikipedia.org/wiki/Roberto_Balestra,,
470,Paulo César Hartung Gomes,,,,Paulo César Hartung Gomes,,,,,,,,pt.wikipedia.org/wiki/Paulo_Hartung,,
471,Ramon Hollerbach Cardoso,,,,,,,,,,,,,,
472,Sérgio Westphalen Etchegoyen,,RS,,Sergio Etchegoyen,,,Ministro da Secretaria da Segurança Institucional,,,,,,,
473,Teotônio Brandão Vilela,,,,"Teotônio Vilela, MAC?",,,,,,,,pt.wikipedia.org/wiki/Teotônio_Vilela,,
474,Teté Bezerra,,MT,,,PMDB,52,Câmara,,,,,,Sanguessugas (Escândalo das Ambulâncias),
475,Thelma De Oliveira,,MT,,,PSDB,53,Câmara,,,,,,Improbidade Administrativa e Formação de Quadrilha,
476,Torquato Jardim,,RJ,,,,,"Ministro da fiscalização, transparência e controle",,,,,,,
477,Valdemar Costa Neto,,SP,,,PR,54,Deputado Federal,,,http://veja.abril.com.br/infograficos/rede-escandalos/perfil/valdemar-costa-neto.shtml?scrollto=conteudo-rede,http://www.politicos.org.br/valdemar-costa-neto,pt.wikipedia.org/wiki/Valdemar_Costa_Neto,Mensalão (renunciou para evitar a cassação),
478,Valdir Raupp de Matos,,RO,,Valdir Raupp,PMDB,55,Senador,,http://infograficos-estaticos.s3.amazonaws.com/lista-final-lava-jato/assets/images/fotos/pb/valdir-raupp.png,,http://www.politicos.org.br/valdir-raupp-de-matos,pt.wikipedia.org/wiki/Valdir_Raupp,"Peculato, Uso de Documento Falso, Crime Contra o Sistema Financeiro, Crime Eleitoral e Gestão Fraudulenta de Instituição Financeira",
479,Valmir Amaral,,,,,PTB,,,,,,,,Apropriação Indébita,
480,Vanderlei Assis,,SP,,,PP,52,Câmara,,,,http://www.politicos.org.br/vanderlei-assis,,"Crime Eleitoral, Sanguessugas (Escândalo das Ambulâncias)",
481,Vanderval Lima dos Santos,,SP,,Bispo Wanderval,PL,51,Câmara,,,,,,Sanguessugas (Escândalo das Ambulâncias),
482,Marco Feliciano,,SP,,,PSC,55,,,,,,,,
483,Carlos Andrade,,RR,,,PHS,55,Câmara,,,,,,,
484,Jozi Araújo,,AP,,,PTN,55,Câmara,,,,,,,
485,Júlia Marinho,,PA,,,PSC,55,Câmara,,,,,,,
486,Wellington,,PB,,,PR,55,,,,,,,,
487,João Carlos Bacelar,,BA,,,PR,55,Câmara,,,,,,,
488,Dâmina Pereira,,MG,,,PSL,55,Câmara,,,,,,,
489,Rôney Nemer,,DF,,,PP,55,Câmara,,,http://veja.abril.com.br/infograficos/rede-escandalos/perfil/roney-nemer.shtml?scrollto=conteudo-rede,,,,
490,Alfredo Kaefer,,PR,,,PSL,55,Câmara,,,,,,,
491,Alberto Filho,,MA,,,PMDB,55,Câmara,,,,,,,
492,André Moura,,SE,,,PSC,55,,,,,,,,
493,Delegado Edson Moreira,,MG,,,PR,55,Câmara,,,,,,,
494,Mauro Lopes,,MG,,,PMDB,55,Câmara,,,,,,,
495,Saraiva Felipe,,MG,,,PMDB,55,Câmara,,,http://veja.abril.com.br/infograficos/rede-escandalos/perfil/saraiva-felipe.shtml?scrollto=conteudo-rede,,,,
496,Adelson Barreto,,SE,,,PR,55,Câmara,,,,,,,
497,Alexandre Baldy,,GO,,,PTN,55,Câmara,,,,,,,
498,Cacá Leão,,BA,,,PP,55,Câmara,,,,,,,
499,Cristiane Brasil,,RJ,,,PTB,55,Câmara,,,,,,,
500,Dr. Sinval Malheiros,,SP,,,PTN,55,Câmara,,,,,,,
501,Edio Lopes,,RR,,,PR,55,Câmara,,,,,,,
502,Fabio Reis,,SE,,,PMDB,55,Câmara,,,,,,,
503,Felipe Bornier,,RJ,,,PROS,55,Câmara,,,,,,,
504,Fernando Francischini,,PR,,,SD,55,Câmara,,,,,,,
505,Fernando Jordão,,RJ,,,PMDB,55,Câmara,,,,,,,
506,Gilberto Nascimento,,SP,,,PSC,55,Câmara,,,,,,,
507,Gorete Pereira,,CE,,,PR,55,Câmara,,,,,,,
508,Guilherme Mussi,,SP,,,PP,55,Câmara,,,,,,,
509,Hiran Gonçalves,,RR,,,PP,55,Câmara,,,,,,,
510,Hugo Motta,,PB,,,PMDB,55,Câmara,,,,,,,
511,Iracema Portella,,PI,,,PP,55,Câmara,,,,,,,
512,Jéssica Sales,,AC,,,PMDB,55,Câmara,,,,,,,
513,Josué Bengtson,,PA,,,PTB,55,Câmara,,,http://veja.abril.com.br/infograficos/rede-escandalos/perfil/josue-bengtson.shtml?scrollto=conteudo-rede,,,,
514,Junior Marreca,,MA,,,PEN,55,Câmara,,,,,,,
515,Leonardo Quintão,,MG,,,PMDB,55,Câmara,,,,,,,
516,Lindomar Garçon,,RO,,,PRB,55,Câmara,,,,,,,
517,Luiz Carlos Ramos,,RJ,,,PTN,55,Câmara,,,,,,,
518,Marcelo Aro,,MG,,,PHS,55,Câmara,,,,,,,
519,Marcelo Matos,,RJ,,,PHS,55,Câmara,,,,,,,
520,Marcos Reategui,,AP,,,PSD,55,Câmara,,,,,,,
521,Marcos Soares,,RJ,,,DEM,55,Câmara,,,,,,,
522,Nelson Marquezelli,,SP,,,PTB,55,Câmara,,,,,,,
523,Pastor Luciano Braga,,BA,,,PMB,55,Câmara,,,,,,,
524,Pedro Chaves,,GO,,,PMDB,55,Câmara,,,,,,,
525,Raquel Muniz,,MG,,,PSD,55,Câmara,,,,,,,
526,Roberto Góes,,AP,,,PDT,55,Câmara,,,,,,,
527,Rogério Peninha Mendonça,,SC,,,PMDB,55,Câmara,,,,,,,
528,Soraya Santos,,RJ,,,PMDB,55,Câmara,,,,,,,
529,Takayama,,PR,,,PSC,55,Câmara,,,,,,,
530,Toninho Wandscheer,,PR,,,PROS,55,Câmara,,,,,,,
531,Vinicius Gurgel,,AP,,,PR,55,Câmara,,,,,,,
532,Roberto Jefferson Monteiro Francisco,,RJ,,,PTB,,Deputado Federal,,,,,https://en.wikipedia.org/wiki/Roberto_Jefferson,Mensalão,
533,Agostinho Valente,,,,,PT,,,,,http://veja.abril.com.br/infograficos/rede-escandalos/perfil/agostinho-valente.shtml?scrollto=conteudo-rede,,,,
534,Alfredo Nascimento,,,,,PR,,,,,http://veja.abril.com.br/infograficos/rede-escandalos/perfil/alfredo-nascimento.shtml?scrollto=conteudo-rede,,,,
535,Amazonino Mendes,,,,,PDC,,,,,http://veja.abril.com.br/infograficos/rede-escandalos/perfil/amazonino-mendes.shtml?scrollto=conteudo-rede,,,,
536,Anderson Adauto,,,,,PL,,,,,http://veja.abril.com.br/infograficos/rede-escandalos/perfil/anderson-adauto.shtml?scrollto=conteudo-rede,,,,
537,Antonio Carlos Magalhães,,,,,PFL,,,,,http://veja.abril.com.br/infograficos/rede-escandalos/perfil/antonio-carlos-magalhaes.shtml?scrollto=conteudo-rede,,,,
538,Antonio Palocci,,,,,PT,,,,,http://veja.abril.com.br/infograficos/rede-escandalos/perfil/antonio-palocci.shtml?scrollto=conteudo-rede,,,,
539,Ideli Salvatti,,,,,PT,,,,,http://veja.abril.com.br/infograficos/rede-escandalos/perfil/ideli-salvatti.shtml?scrollto=conteudo-rede,,,,
540,Carlos Abicalil,,,,,PT,,,,,http://veja.abril.com.br/infograficos/rede-escandalos/perfil/carlos-abicalil.shtml?scrollto=conteudo-rede,,,,
541,Carlos Bezerra,,,,,PMDB,,,,,http://veja.abril.com.br/infograficos/rede-escandalos/perfil/carlos-bezerra.shtml?scrollto=conteudo-rede,,,,
542,Carlos Lupi,,,,,PDT,,,,,http://veja.abril.com.br/infograficos/rede-escandalos/perfil/carlos-lupi.shtml?scrollto=conteudo-rede,,,,
543,Celcita Pinheiro,,,,,DEM,,,,,http://veja.abril.com.br/infograficos/rede-escandalos/perfil/celcita-pinheiro.shtml?scrollto=conteudo-rede,,,,
544,Chicão Brígido,,,,,PMDB,,,,,http://veja.abril.com.br/infograficos/rede-escandalos/perfil/chicao-brigido.shtml?scrollto=conteudo-rede,,,,
545,Clésio Andrade,,,,,PMDB,,,,,http://veja.abril.com.br/infograficos/rede-escandalos/perfil/clesio-andrade.shtml?scrollto=conteudo-rede,,,,
546,Cleuber Carneiro,,,,,PTB,,,,,http://veja.abril.com.br/infograficos/rede-escandalos/perfil/cleuber-carneiro.shtml?scrollto=conteudo-rede,,,,
547,Colbert Martins,,,,,PMDB,,,,,http://veja.abril.com.br/infograficos/rede-escandalos/perfil/colbert-martins.shtml?scrollto=conteudo-rede,,,,
548,José Airton,,,,,PT,,,,,http://veja.abril.com.br/infograficos/rede-escandalos/perfil/jose-airton.shtml?scrollto=conteudo-rede,,,,
549,Divaldo Suruagy,,,,,PST,,,,,http://veja.abril.com.br/infograficos/rede-escandalos/perfil/divaldo-suruagy.shtml?scrollto=conteudo-rede,,,,
550,Emerson Kapaz,,,,,PPS,,,,,http://veja.abril.com.br/infograficos/rede-escandalos/perfil/emerson-kapaz.shtml?scrollto=conteudo-rede,,,,
551,Epitácio Cafeteira,,,,,PTB,,,,,http://veja.abril.com.br/infograficos/rede-escandalos/perfil/epitacio-cafeteira.shtml?scrollto=conteudo-rede,,,,
552,Eurides Brito,,,,,PP,,,,,http://veja.abril.com.br/infograficos/rede-escandalos/perfil/eurides-brito.shtml?scrollto=conteudo-rede,,,,
553,Fátima Pelaes,,,,,PMDB,,,,,http://veja.abril.com.br/infograficos/rede-escandalos/perfil/fatima-pelaes.shtml?scrollto=conteudo-rede,,,,
554,Fernando Henrique Cardoso,,,,,,,,,,http://veja.abril.com.br/infograficos/rede-escandalos/perfil/fernando-henrique-cardoso.shtml?scrollto=conteudo-rede,,,,
555,Gilberto Carvalho,,,,,PFL,,,,,http://veja.abril.com.br/infograficos/rede-escandalos/perfil/gilberto-carvalho.shtml?scrollto=conteudo-rede,,,,
556,Gilberto Miranda,,,,,,,,,,http://veja.abril.com.br/infograficos/rede-escandalos/perfil/gilberto-miranda.shtml?scrollto=conteudo-rede,,,,
557,Narciso Mendes,,,,,PP,,,,,http://veja.abril.com.br/infograficos/rede-escandalos/perfil/narciso-mendes.shtml?scrollto=conteudo-rede,,,,
558,Heleno Silva,,,,,PRB,,,,,http://veja.abril.com.br/infograficos/rede-escandalos/perfil/heleno-silva.shtml?scrollto=conteudo-rede,,,,
559,Ibsen Pinheiro,,,,,PMDB,,,,,http://veja.abril.com.br/infograficos/rede-escandalos/perfil/ibsen-pinheiro.shtml?scrollto=conteudo-rede,,,,
560,Jaqueline Roriz,,,,,PMN,,,,,http://veja.abril.com.br/infograficos/rede-escandalos/perfil/jaqueline-roriz.shtml?scrollto=conteudo-rede,,,,
561,Jilmar Tatto,,,,,PT,,,,,http://veja.abril.com.br/infograficos/rede-escandalos/perfil/jilmar-tatto.shtml?scrollto=conteudo-rede,,,,
562,Rubens Otoni,,,,,PT,,,,,http://veja.abril.com.br/infograficos/rede-escandalos/perfil/rubens-otoni.shtml?scrollto=conteudo-rede,,,,
563,João Lyra,,,,,PSD,,,,,http://veja.abril.com.br/infograficos/rede-escandalos/perfil/joao-lyra.shtml?scrollto=conteudo-rede,,,,
564,João Magalhães,,,,,PMDB,,,,,http://veja.abril.com.br/infograficos/rede-escandalos/perfil/joao-magalhaes.shtml?scrollto=conteudo-rede,,,,
565,João Maia,,,,,PR,,,,,http://veja.abril.com.br/infograficos/rede-escandalos/perfil/joao-maia.shtml?scrollto=conteudo-rede,,,,
566,Joaquim Roriz,,,,,PMDB,,,,,http://veja.abril.com.br/infograficos/rede-escandalos/perfil/joaquim-roriz.shtml?scrollto=conteudo-rede,,,,
567,Aníbal Teixeira,,,,,PP,,,,,http://veja.abril.com.br/infograficos/rede-escandalos/perfil/anibal-teixeira.shtml?scrollto=conteudo-rede,,,,
568,Benedito Domingos,,,,,PPB,,,,,http://veja.abril.com.br/infograficos/rede-escandalos/perfil/benedito-domingos.shtml?scrollto=conteudo-rede,,,,
569,Eduardo Cunha,,,,,PMDB,,,,,http://veja.abril.com.br/infograficos/rede-escandalos/perfil/eduardo-cunha.shtml?scrollto=conteudo-rede,,,,
570,Efraim Morais,,,,,DEM,,,,,http://veja.abril.com.br/infograficos/rede-escandalos/perfil/efraim-morais.shtml?scrollto=conteudo-rede,,,,
571,Luiz Estevão,,,,,PMDB,,,,,http://veja.abril.com.br/infograficos/rede-escandalos/perfil/luiz-estevao.shtml?scrollto=conteudo-rede,,,,
572,Magno Malta,,,,,PR,,,,,http://veja.abril.com.br/infograficos/rede-escandalos/perfil/magno-malta.shtml?scrollto=conteudo-rede,,,,
573,Marcondes Gadelha,,,,,PSC,,,,,http://veja.abril.com.br/infograficos/rede-escandalos/perfil/marcondes-gadelha.shtml?scrollto=conteudo-rede,,,,
574,Nair Xavier Lobo,,,,,PMDB,,,,,http://veja.abril.com.br/infograficos/rede-escandalos/perfil/nair-xavier-lobo.shtml?scrollto=conteudo-rede,,,,
575,Orlando Silva,,,,,PCdoB,,,,,http://veja.abril.com.br/infograficos/rede-escandalos/perfil/orlando-silva.shtml?scrollto=conteudo-rede,,,,
576,Osmir Lima,,,,,PFL,,,,,http://veja.abril.com.br/infograficos/rede-escandalos/perfil/osmir-lima.shtml?scrollto=conteudo-rede,,,,
577,Paulo Octávio,,,,,PFL,,,,,http://veja.abril.com.br/infograficos/rede-escandalos/perfil/paulo-octavio.shtml?scrollto=conteudo-rede,,,,
578,Paulo Renato Souza,,,,,PSDB,,,,,http://veja.abril.com.br/infograficos/rede-escandalos/perfil/paulo-renato-souza.shtml?scrollto=conteudo-rede,,,,
579,Paulo Rocha,,,,,PT,,,,,http://veja.abril.com.br/infograficos/rede-escandalos/perfil/paulo-rocha.shtml?scrollto=conteudo-rede,,,,
580,Pedro Novais,,,,,PMDB,,,,,http://veja.abril.com.br/infograficos/rede-escandalos/perfil/pedro-novais.shtml?scrollto=conteudo-rede,,,,
581,Luiz Argôlo,,,,,SD,,,,,http://veja.abril.com.br/infograficos/rede-escandalos/perfil/luiz-argolo.shtml?scrollto=conteudo-rede,,,,
582,Renan Filho,,,,,PMDB,,,,,http://veja.abril.com.br/infograficos/rede-escandalos/perfil/renan-filho.shtml?scrollto=conteudo-rede,,,,
583,Ricardo Berzoini,,,,,PT,,,,,http://veja.abril.com.br/infograficos/rede-escandalos/perfil/ricardo-berzoini.shtml?scrollto=conteudo-rede,,,,
584,Luiz Inácio Lula da Silva,,,,,PT,,,,,http://veja.abril.com.br/infograficos/rede-escandalos/perfil/luiz-inacio-lula-da-silva.shtml?scrollto=conteudo-rede,,,,
585,Ricardo Rique,,,,,PL,,,,,http://veja.abril.com.br/infograficos/rede-escandalos/perfil/ricardo-rique.shtml?scrollto=conteudo-rede,,,,
586,Ronivon Santiago,,,,,PP,,,,,http://veja.abril.com.br/infograficos/rede-escandalos/perfil/ronivon-santiago.shtml?scrollto=conteudo-rede,,,,
587,Rui Falcão,,,,,PT,,,,,http://veja.abril.com.br/infograficos/rede-escandalos/perfil/rui-falcao.shtml?scrollto=conteudo-rede,,,,
588,Serys Slhessarenko,,,,,PT,,,,,http://veja.abril.com.br/infograficos/rede-escandalos/perfil/serys-slhessarenko.shtml?scrollto=conteudo-rede,,,,
589,Tião Viana,,,,,PT,,,,,http://veja.abril.com.br/infograficos/rede-escandalos/perfil/tiao-viana.shtml?scrollto=conteudo-rede,,,,
590,Stepan Nercessian,,,,,PPS,,,,,http://veja.abril.com.br/infograficos/rede-escandalos/perfil/stepan-nercessian.shtml?scrollto=conteudo-rede,,,,
591,Wagner Rossi,,,,,PMDB,,,,,http://veja.abril.com.br/infograficos/rede-escandalos/perfil/wagner-rossi.shtml?scrollto=conteudo-rede,,,,
592,Zila Bezerra,,,,,PTB,,,,,http://veja.abril.com.br/infograficos/rede-escandalos/perfil/zila-bezerra.shtml?scrollto=conteudo-rede,,,,
593,Paulo César Farias,,,,PC,,,,,,http://veja.abril.com.br/infograficos/rede-escandalos/perfil/paulo-cesar-pc-farias.shtml?scrollto=conteudo-rede,,,,
